Recipient Org:Identifier,Funding Org:Identifier,Amount Awarded,Grants
GB-CHC-1002721,360G-blf,10000.0,1
GB-CHC-1002721,GB-CHC-1111600,12104.0,2
GB-CHC-1002721,GB-COH-IP00525R,2784.1,2
GB-CHC-1004354,GB-CHC-1035628,107114.0,1
GB-CHC-1004354,GB-CHC-1105580,30000.0,1
GB-CHC-1004354,GB-COH-IP00525R,6171.79,1
GB-CHC-1006504,360G-blf,497758.0,1
GB-CHC-1006504,GB-CHC-226446,25000.0,1
GB-CHC-1006504,GB-COH-IP00525R,1130.17,1
GB-CHC-1008128,GB-CHC-1164703,4000.0,1
GB-CHC-1008128,GB-CHC-230260,20000.0,1
GB-CHC-1008128,GB-COH-IP00525R,5452.34,2
GB-CHC-1010397,360G-blf,245016.0,1
GB-CHC-1010397,GB-CHC-210037,60000.0,1
GB-CHC-1010397,GB-CHC-328524,19500.0,1
GB-CHC-1011056,GB-CHC-274100,25000.0,1
GB-CHC-1011056,GB-CHC-326568 ,49150.0,1
GB-CHC-1011056,GB-COH-03037449,593776.0,1
GB-CHC-1011495,GB-CHC-1161290,49702.0,1
GB-CHC-1011495,GB-CHC-230260,6500.0,1
GB-CHC-1011495,GB-COH-02273708,5548.0,2
GB-CHC-1011957,360G-blf,9960.0,1
GB-CHC-1011957,GB-CHC-230260,20000.0,1
GB-CHC-1011957,GB-CHC-274100,8000.0,1
GB-CHC-1011957,GB-COH-IP00525R,1484.59,1
GB-CHC-1012889,GB-CHC-1035628,27300.0,1
GB-CHC-1012889,GB-CHC-1075920,2000.0,1
GB-CHC-1012889,GB-CHC-327114,74250.0,1
GB-CHC-1016968,GB-CHC-1093028,35000.0,1
GB-CHC-1016968,GB-CHC-200051,350000.0,1
GB-CHC-1016968,GB-CHC-230260,60000.0,1
GB-CHC-1017560,360G-blf,9804.0,1
GB-CHC-1017560,GB-CHC-1093028,20000.0,1
GB-CHC-1017560,GB-CHC-205629,500.0,1
GB-CHC-1017706,360G-blf,733288.0,1
GB-CHC-1017706,GB-CHC-1161290,148950.0,1
GB-CHC-1017706,GB-COH-02273708,3930.0,1
GB-CHC-1017706,GB-COH-IP00525R,2805.62,2
GB-CHC-1025852,GB-CHC-1045304,3500.0,2
GB-CHC-1025852,GB-CHC-1080418,500.0,2
GB-CHC-1025852,GB-COH-02273708,2200.0,1
GB-CHC-1025852,GB-COH-IP00525R,4847.22,1
GB-CHC-1026160,360G-blf,36147.0,1
GB-CHC-1026160,GB-CHC-1123126,1807.89,1
GB-CHC-1026160,GB-COH-IP00525R,1976.93,1
GB-CHC-1027205,360G-blf,10000.0,1
GB-CHC-1027205,GB-CHC-1035628,2400.0,1
GB-CHC-1027205,GB-CHC-205629,45000.0,1
GB-CHC-1034170,GB-CHC-230260,20000.0,1
GB-CHC-1034170,GB-COH-02273708,2830.0,2
GB-CHC-1034170,GB-COH-IP00525R,3188.5,1
GB-CHC-1035820,360G-blf,220057.0,1
GB-CHC-1035820,GB-CHC-1035628,39000.0,1
GB-CHC-1035820,GB-CHC-1105580,30000.0,1
GB-CHC-1035820,GB-CHC-230260,20000.0,1
GB-CHC-1035924,360G-blf,9512.0,1
GB-CHC-1035924,GB-COH-IP00525R,3421.54,2
GB-CHC-1035924,GB-COH-RC000766,9800.0,1
GB-CHC-1036667,360G-blf,9955.0,1
GB-CHC-1036667,GB-CHC-205629,200000.0,1
GB-CHC-1036667,GB-COH-IP00525R,3638.62,2
GB-CHC-1040572,360G-blf,9750.0,1
GB-CHC-1040572,GB-CHC-1111600,34250.0,4
GB-CHC-1040572,GB-CHC-230260,25000.0,1
GB-CHC-1041257,360G-blf,4580.0,1
GB-CHC-1041257,GB-CHC-230260,6500.0,1
GB-CHC-1041257,GB-COH-IP00525R,3316.02,1
GB-CHC-1041653,GB-CHC-1035628,128100.0,1
GB-CHC-1041653,GB-CHC-1105580,41000.0,1
GB-CHC-1041653,GB-CHC-230260,25000.0,1
GB-CHC-1041855,GB-CHC-1052061,12500.0,1
GB-CHC-1041855,GB-CHC-274100,10000.0,1
GB-CHC-1041855,GB-COH-07991677,22560.0,1
GB-CHC-1045064,360G-blf,9738.0,1
GB-CHC-1045064,GB-CHC-230260,10000.0,1
GB-CHC-1045064,GB-COH-IP00525R,3223.28,1
GB-CHC-1046650,360G-blf,499481.0,1
GB-CHC-1046650,GB-CHC-1000147,15000.0,1
GB-CHC-1046650,GB-CHC-210037,100000.0,1
GB-CHC-1047075,360G-blf,9339.0,1
GB-CHC-1047075,GB-CHC-1089893,5000.0,1
GB-CHC-1047075,GB-CHC-230260,10000.0,1
GB-CHC-1048266,GB-CHC-1080418,3480.0,1
GB-CHC-1048266,GB-COH-02273708,1075.0,1
GB-CHC-1048266,GB-COH-IP00525R,3554.98,1
GB-CHC-1051260,GB-CHC-1115476,90000.0,1
GB-CHC-1051260,GB-CHC-1160316,313414.0,1
GB-CHC-1051260,GB-CHC-327114,91886.0,1
GB-CHC-1051292,360G-blf,10000.0,1
GB-CHC-1051292,GB-CHC-200051,48686.0,1
GB-CHC-1051292,GB-CHC-230102,109000.0,1
GB-CHC-1051388,360G-blf,9974.0,1
GB-CHC-1051388,GB-CHC-1057923,2000.0,1
GB-CHC-1051388,GB-CHC-1111600,2646.0,1
GB-CHC-1051979,360G-blf,8890.0,1
GB-CHC-1051979,GB-CHC-1035628,71300.0,1
GB-CHC-1051979,GB-CHC-1105580,90000.0,1
GB-CHC-1052687,GB-CHC-1057923,2000.0,1
GB-CHC-1052687,GB-CHC-230260,7500.0,1
GB-CHC-1052687,GB-CHC-327114,15000.0,1
GB-CHC-1054154,GB-CHC-1035628,49000.0,1
GB-CHC-1054154,GB-CHC-327114,430899.0,2
GB-CHC-1054154,GB-COH-03037449,1259688.0,1
GB-CHC-1054783,GB-CHC-274100,2300.0,1
GB-CHC-1054783,GB-COH-02273708,5000.0,1
GB-CHC-1054783,GB-COH-IP00525R,4770.97,1
GB-CHC-1054890,360G-blf,9860.0,1
GB-CHC-1054890,GB-CHC-1164703,4000.0,1
GB-CHC-1054890,GB-CHC-1166471,5000.0,1
GB-CHC-1054890,GB-CHC-210169,6333.0,1
GB-CHC-1054890,GB-CHC-327114,60000.0,1
GB-CHC-1054890,GB-COH-IP00525R,4904.280000000001,3
GB-CHC-1055254,GB-CHC-1065552,83589.65,1
GB-CHC-1055254,GB-CHC-1105580,80000.0,1
GB-CHC-1055254,GB-CHC-205629,38000.0,1
GB-CHC-1055254,GB-CHC-210037,59950.0,1
GB-CHC-1055914,360G-blf,9950.0,1
GB-CHC-1055914,GB-CHC-1151621,1250.0,1
GB-CHC-1055914,GB-LAE-OXO,15000.0,1
GB-CHC-1056043,360G-blf,21480.0,1
GB-CHC-1056043,GB-CHC-205629,150000.0,1
GB-CHC-1056043,GB-CHC-210037,110000.0,1
GB-CHC-1056441,360G-blf,9950.0,1
GB-CHC-1056441,GB-CHC-230260,10000.0,1
GB-CHC-1056441,GB-CHC-327114,15000.0,1
GB-CHC-1056441,GB-COH-IP00525R,1084.78,1
GB-CHC-1059029,360G-blf,2818.0,1
GB-CHC-1059029,GB-CHC-1081124,30000.0,1
GB-CHC-1059029,GB-CHC-230260,20000.0,1
GB-CHC-1059144,360G-blf,6240.0,1
GB-CHC-1059144,GB-CHC-230260,7500.0,1
GB-CHC-1059144,GB-COH-IP00525R,2005.81,1
GB-CHC-1060002,360G-blf,9939.0,1
GB-CHC-1060002,GB-CHC-230260,10000.0,1
GB-CHC-1060002,GB-CHC-327114,103385.0,1
GB-CHC-1060714,GB-CHC-1164703,5000.0,1
GB-CHC-1060714,GB-CHC-200051,200000.0,1
GB-CHC-1060714,GB-CHC-230260,30000.0,1
GB-CHC-1061182,360G-blf,9200.0,1
GB-CHC-1061182,GB-CHC-1000147,15000.0,1
GB-CHC-1061182,GB-CHC-1035628,132900.0,1
GB-CHC-1062493,360G-blf,493287.0,1
GB-CHC-1062493,GB-CHC-1080418,2200.0,1
GB-CHC-1062493,GB-COH-IP00525R,5429.45,2
GB-CHC-1062887,360G-blf,9992.0,1
GB-CHC-1062887,GB-CHC-1105580,50000.0,1
GB-CHC-1062887,GB-COH-IP00525R,2875.0699999999997,2
GB-CHC-1063643,GB-CHC-1052061,10075.0,2
GB-CHC-1063643,GB-CHC-1080418,6260.0,1
GB-CHC-1063643,GB-COH-IP00525R,2862.23,1
GB-CHC-1064046,360G-blf,109907.0,2
GB-CHC-1064046,GB-CHC-327114,98692.0,1
GB-CHC-1064046,GB-COH-IP00525R,2130.18,1
GB-CHC-1064270,360G-blf,9910.0,1
GB-CHC-1064270,GB-CHC-274100,50000.0,1
GB-CHC-1064270,GB-CHC-327114,75000.0,1
GB-CHC-1065066,GB-CHC-1000147,15000.0,1
GB-CHC-1065066,GB-CHC-1115476,60000.0,1
GB-CHC-1065066,GB-CHC-210037,112500.0,1
GB-CHC-1065770,360G-blf,224960.0,1
GB-CHC-1065770,GB-CHC-205629,57250.0,2
GB-CHC-1065770,GB-CHC-327114,15000.0,1
GB-CHC-1065963,GB-CHC-1035628,59500.0,1
GB-CHC-1065963,GB-CHC-1140372,25000.0,1
GB-CHC-1065963,GB-CHC-230260,40000.0,1
GB-CHC-1066911,360G-blf,409682.0,1
GB-CHC-1066911,GB-CHC-230102,77300.0,1
GB-CHC-1066911,GB-CHC-230260,20000.0,1
GB-CHC-1066911,GB-COH-IP00525R,3916.7,1
GB-CHC-1069535,GB-CHC-1089893,5000.0,1
GB-CHC-1069535,GB-CHC-230260,5000.0,1
GB-CHC-1069535,GB-COH-IP00525R,1559.97,1
GB-CHC-1069637,GB-CHC-1105580,40000.0,1
GB-CHC-1069637,GB-CHC-230260,10000.0,1
GB-CHC-1069637,GB-CHC-327114,58840.0,1
GB-CHC-1069765,360G-blf,9920.0,1
GB-CHC-1069765,GB-CHC-1052061,14000.0,3
GB-CHC-1069765,GB-CHC-230260,5000.0,1
GB-CHC-1070578,360G-blf,6720.0,1
GB-CHC-1070578,GB-CHC-230260,25000.0,1
GB-CHC-1070578,GB-CHC-274100,20000.0,1
GB-CHC-1070578,GB-COH-02273708,17417.0,3
GB-CHC-1071418,360G-blf,9727.0,1
GB-CHC-1071418,GB-CHC-299963,500.0,1
GB-CHC-1071418,GB-COH-02273708,1145.0,1
GB-CHC-1072111,GB-CHC-1105580,70000.0,1
GB-CHC-1072111,GB-CHC-210037,50000.0,1
GB-CHC-1072111,GB-CHC-327114,79241.0,1
GB-CHC-1072376,GB-CHC-1081124,50000.0,1
GB-CHC-1072376,GB-CHC-200051,188845.0,1
GB-CHC-1072376,GB-CHC-230260,100000.0,1
GB-CHC-1072376,GB-CHC-274100,20000.0,1
GB-CHC-1072841,360G-blf,2950.0,1
GB-CHC-1072841,GB-CHC-205629,73000.0,1
GB-CHC-1072841,GB-COH-IP00525R,3592.13,1
GB-CHC-1073247,360G-blf,10000.0,1
GB-CHC-1073247,GB-CHC-1151621,5000.0,1
GB-CHC-1073247,GB-LAE-OXO,250.0,1
GB-CHC-1075447,GB-CHC-230260,20000.0,1
GB-CHC-1075447,GB-CHC-274100,15000.0,1
GB-CHC-1075447,GB-COH-IP00525R,2930.18,2
GB-CHC-1076055,360G-blf,8808.0,1
GB-CHC-1076055,GB-CHC-1111600,6888.0,2
GB-CHC-1076055,GB-CHC-299963,1000.0,1
GB-CHC-1076204,360G-blf,10000.0,1
GB-CHC-1076204,GB-CHC-1000147,28000.0,2
GB-CHC-1076204,GB-CHC-1035628,133500.0,1
GB-CHC-1076204,GB-CHC-327114,40000.0,1
GB-CHC-1076206,GB-CHC-1000147,10000.0,1
GB-CHC-1076206,GB-CHC-230260,25000.0,1
GB-CHC-1076206,GB-COH-IP00525R,2678.35,1
GB-CHC-1076217,360G-blf,9890.0,1
GB-CHC-1076217,GB-CHC-230260,10000.0,1
GB-CHC-1076217,GB-COH-IP00525R,2133.49,1
GB-CHC-1076478,360G-blf,20000.0,2
GB-CHC-1076478,GB-CHC-1010656,7500.0,2
GB-CHC-1076478,GB-CHC-328524,10000.0,1
GB-CHC-1076710,360G-blf,9640.0,1
GB-CHC-1076710,GB-CHC-299963,500.0,1
GB-CHC-1076710,GB-COH-IP00525R,4271.04,1
GB-CHC-1077034,GB-CHC-1105580,50000.0,1
GB-CHC-1077034,GB-CHC-230260,15000.0,1
GB-CHC-1077034,GB-CHC-274100,25000.0,1
GB-CHC-1077116,GB-CHC-1000147,10000.0,1
GB-CHC-1077116,GB-CHC-200051,58000.0,1
GB-CHC-1077116,GB-CHC-210037,100000.0,1
GB-CHC-1077116,GB-CHC-327114,75000.0,1
GB-CHC-1077265,GB-CHC-1080418,250.0,1
GB-CHC-1077265,GB-COH-02273708,750.0,2
GB-CHC-1077265,GB-COH-04530979,300.0,1
GB-CHC-1078094,360G-blf,198734.0,1
GB-CHC-1078094,GB-CHC-1113226,5500.0,2
GB-CHC-1078094,GB-CHC-230260,15000.0,1
GB-CHC-1078094,GB-COH-IP00525R,2029.98,1
GB-CHC-1079495,360G-blf,4750.0,1
GB-CHC-1079495,GB-CHC-1151621,5000.0,1
GB-CHC-1079495,GB-LAE-OXO,9470.0,2
GB-CHC-1079944,GB-CHC-230260,2000.0,1
GB-CHC-1079944,GB-COH-IP00525R,2810.69,1
GB-CHC-1079944,GB-COH-RC000766,12000.0,1
GB-CHC-1081754,360G-blf,9749.0,1
GB-CHC-1081754,GB-CHC-1093028,35000.0,1
GB-CHC-1081754,GB-CHC-230260,50000.0,1
GB-CHC-1082450,360G-blf,332031.0,2
GB-CHC-1082450,GB-CHC-205629,142470.0,2
GB-CHC-1082450,GB-CHC-205959,10358.0,3
GB-CHC-1082450,GB-COH-03037449,5700952.0,1
GB-CHC-1082551,360G-blf,10000.0,1
GB-CHC-1082551,GB-CHC-1105580,56000.0,1
GB-CHC-1082551,GB-COH-IP00525R,2690.45,1
GB-CHC-1083995,360G-blf,483734.0,1
GB-CHC-1083995,GB-COH-04530979,7047.5,2
GB-CHC-1083995,GB-COH-IP00525R,4841.57,2
GB-CHC-1084105,GB-CHC-1105580,50000.0,1
GB-CHC-1084105,GB-CHC-230260,20000.0,1
GB-CHC-1084105,GB-COH-IP00525R,2955.03,1
GB-CHC-1084622,GB-CHC-1105580,17000.0,1
GB-CHC-1084622,GB-CHC-274100,3000.0,1
GB-CHC-1084622,GB-COH-IP00525R,2476.75,1
GB-CHC-1085351,GB-CHC-1093028,35000.0,1
GB-CHC-1085351,GB-CHC-230260,20000.0,1
GB-CHC-1085351,GB-CHC-274100,10000.0,1
GB-CHC-1085351,GB-COH-IP00525R,4063.26,1
GB-CHC-1085545,360G-blf,914.0,1
GB-CHC-1085545,GB-CHC-1105580,100000.0,1
GB-CHC-1085545,GB-CHC-230260,20000.0,1
GB-CHC-1085545,GB-CHC-327114,15000.0,1
GB-CHC-1086780,GB-CHC-1080418,10000.0,1
GB-CHC-1086780,GB-CHC-299963,2000.0,1
GB-CHC-1086780,GB-COH-IP00525R,1799.21,1
GB-CHC-1088242,GB-CHC-1140372,25000.0,1
GB-CHC-1088242,GB-CHC-230260,150000.0,1
GB-CHC-1088242,GB-CHC-274100,50000.0,1
GB-CHC-1088242,GB-COH-IP00525R,3420.71,2
GB-CHC-1089634,360G-blf,9560.0,1
GB-CHC-1089634,GB-CHC-1105580,90000.0,1
GB-CHC-1089634,GB-COH-07991677,32000.0,1
GB-CHC-1090123,360G-blf,9934.0,1
GB-CHC-1090123,GB-CHC-1000147,15000.0,1
GB-CHC-1090123,GB-CHC-230260,30000.0,1
GB-CHC-1090161,360G-blf,10000.0,1
GB-CHC-1090161,GB-CHC-1143711,6050.0,1
GB-CHC-1090161,GB-CHC-230260,10000.0,1
GB-CHC-1090781,GB-CHC-1080418,500.0,1
GB-CHC-1090781,GB-CHC-1105580,100000.0,1
GB-CHC-1090781,GB-CHC-1143711,4906.0,1
GB-CHC-1090781,GB-COH-IP00525R,1990.12,1
GB-CHC-1091001,GB-CHC-1075920,45000.0,1
GB-CHC-1091001,GB-CHC-230260,10000.0,1
GB-CHC-1091001,GB-COH-IP00525R,5605.93,1
GB-CHC-1091077,GB-CHC-1035628,123840.0,1
GB-CHC-1091077,GB-CHC-1105580,100000.0,1
GB-CHC-1091077,GB-CHC-327114,75000.0,1
GB-CHC-1091201,360G-blf,95952.0,1
GB-CHC-1091201,GB-CHC-1105580,60000.0,1
GB-CHC-1091201,GB-CHC-327114,75000.0,1
GB-CHC-1091887,360G-blf,6400.0,1
GB-CHC-1091887,GB-CHC-1105580,90000.0,1
GB-CHC-1091887,GB-CHC-299963,500.0,1
GB-CHC-1092465,GB-CHC-1105580,90000.0,1
GB-CHC-1092465,GB-CHC-230260,30000.0,1
GB-CHC-1092465,GB-CHC-309671,7000.0,1
GB-CHC-1092465,GB-COH-07991677,25000.0,1
GB-CHC-1093239,360G-blf,9800.0,1
GB-CHC-1093239,GB-CHC-327114,15000.0,1
GB-CHC-1093239,GB-COH-IP00525R,4701.65,1
GB-CHC-1093355,360G-blf,9541.0,1
GB-CHC-1093355,GB-CHC-210169,4975.0,1
GB-CHC-1093355,GB-CHC-274100,9200.0,1
GB-CHC-1093691,360G-blf,10000.0,1
GB-CHC-1093691,GB-CHC-230260,40000.0,1
GB-CHC-1093691,GB-CHC-274100,100000.0,1
GB-CHC-1093691,GB-COH-IP00525R,1835.73,1
GB-CHC-1093908,360G-blf,4455.0,1
GB-CHC-1093908,GB-COH-IP00525R,1252.02,1
GB-CHC-1093908,GB-LAE-BNE,5000.0,1
GB-CHC-1094599,360G-blf,5508.0,1
GB-CHC-1094599,GB-CHC-230260,10000.0,1
GB-CHC-1094599,GB-CHC-299963,750.0,1
GB-CHC-1095540,360G-blf,238118.0,1
GB-CHC-1095540,GB-CHC-230260,5000.0,1
GB-CHC-1095540,GB-CHC-327114,13462.0,1
GB-CHC-1095915,360G-blf,9628.0,1
GB-CHC-1095915,GB-CHC-230260,10000.0,1
GB-CHC-1095915,GB-COH-IP00525R,3819.29,2
GB-CHC-1096454,GB-CHC-1010656,4500.0,1
GB-CHC-1096454,GB-CHC-1075920,4500.0,1
GB-CHC-1096454,GB-CHC-1089893,4500.0,1
GB-CHC-1096454,GB-CHC-251988,113000.0,1
GB-CHC-1096454,GB-CHC-299963,4500.0,1
GB-CHC-1096454,GB-CHC-328524,4500.0,1
GB-CHC-1096964,360G-blf,313344.0,1
GB-CHC-1096964,GB-CHC-230260,5000.0,1
GB-CHC-1096964,GB-COH-IP00525R,2858.6,1
GB-CHC-1097475,360G-blf,78492.0,1
GB-CHC-1097475,GB-CHC-1035628,99900.0,1
GB-CHC-1097475,GB-COH-IP00525R,4767.38,1
GB-CHC-1097886,360G-blf,9900.0,1
GB-CHC-1097886,GB-CHC-1105580,60000.0,1
GB-CHC-1097886,GB-CHC-200051,198000.0,1
GB-CHC-1097910,360G-blf,6531.0,1
GB-CHC-1097910,GB-COH-02273708,11286.0,4
GB-CHC-1097910,GB-COH-IP00525R,1655.8,1
GB-CHC-1098237,GB-CHC-1052061,750.0,1
GB-CHC-1098237,GB-CHC-230260,7000.0,1
GB-CHC-1098237,GB-COH-IP00525R,955.17,1
GB-CHC-1099682,GB-CHC-1010656,1500.0,1
GB-CHC-1099682,GB-CHC-230260,50000.0,1
GB-CHC-1099682,GB-CHC-328524,5000.0,1
GB-CHC-1100358,360G-blf,9988.0,1
GB-CHC-1100358,GB-CHC-1045304,250.0,1
GB-CHC-1100358,GB-COH-IP00525R,1121.85,1
GB-CHC-1100405,360G-blf,9892.0,1
GB-CHC-1100405,GB-CHC-1113226,5500.0,2
GB-CHC-1100405,GB-COH-IP00525R,1804.52,1
GB-CHC-1100420,GB-CHC-230260,30000.0,1
GB-CHC-1100420,GB-CHC-274100,25000.0,1
GB-CHC-1100420,GB-COH-IP00525R,1503.05,1
GB-CHC-1100671,360G-blf,8077.0,1
GB-CHC-1100671,GB-CHC-230260,15000.0,1
GB-CHC-1100671,GB-COH-IP00525R,3455.97,1
GB-CHC-1100722,GB-CHC-1059652,10000.0,1
GB-CHC-1100722,GB-CHC-327114,40000.0,1
GB-CHC-1100722,GB-COH-IP00525R,2240.61,1
GB-CHC-1101086,360G-blf,9908.0,1
GB-CHC-1101086,GB-CHC-1143711,4883.0,1
GB-CHC-1101086,GB-COH-IP00525R,3576.09,1
GB-CHC-1101208,360G-blf,330000.0,1
GB-CHC-1101208,GB-CHC-1000147,15000.0,1
GB-CHC-1101208,GB-CHC-1081124,20000.0,1
GB-CHC-1101799,360G-blf,289332.0,1
GB-CHC-1101799,GB-CHC-1093028,105000.0,2
GB-CHC-1101799,GB-CHC-1161290,146097.0,1
GB-CHC-1101976,GB-CHC-230102,109300.0,1
GB-CHC-1101976,GB-CHC-230260,15000.0,1
GB-CHC-1101976,GB-COH-IP00525R,4415.92,2
GB-CHC-1102055,360G-blf,10000.0,1
GB-CHC-1102055,GB-CHC-230260,5000.0,1
GB-CHC-1102055,GB-COH-IP00525R,2251.76,1
GB-CHC-1102257,360G-blf,9430.0,1
GB-CHC-1102257,GB-CHC-274100,3000.0,1
GB-CHC-1102257,GB-CHC-299963,500.0,1
GB-CHC-1102257,GB-COH-IP00525R,3265.23,2
GB-CHC-1102267,360G-blf,9910.0,1
GB-CHC-1102267,GB-CHC-200051,58000.0,1
GB-CHC-1102267,GB-COH-IP00525R,3299.64,1
GB-CHC-1103271,360G-blf,9936.0,1
GB-CHC-1103271,GB-CHC-1161290,45600.0,1
GB-CHC-1103271,GB-CHC-299963,1000.0,1
GB-CHC-1103271,GB-COH-02273708,28775.0,3
GB-CHC-1103599,GB-CHC-1080418,5000.0,1
GB-CHC-1103599,GB-CHC-230260,25000.0,1
GB-CHC-1103599,GB-COH-IP00525R,1545.2199999999998,2
GB-CHC-1104392,GB-CHC-1035628,21000.0,1
GB-CHC-1104392,GB-CHC-274100,9000.0,1
GB-CHC-1104392,GB-COH-IP00525R,3309.75,1
GB-CHC-1104429,GB-CHC-1080418,9880.0,2
GB-CHC-1104429,GB-CHC-1105580,60000.0,1
GB-CHC-1104429,GB-COH-IP00525R,1216.03,1
GB-CHC-1104631,360G-blf,10000.0,1
GB-CHC-1104631,GB-CHC-1105580,90000.0,1
GB-CHC-1104631,GB-CHC-230260,15000.0,1
GB-CHC-1104731,360G-blf,9895.0,1
GB-CHC-1104731,GB-CHC-1035628,20000.0,1
GB-CHC-1104731,GB-CHC-1105580,90000.0,1
GB-CHC-1104779,360G-blf,499384.0,1
GB-CHC-1104779,GB-CHC-1000147,20000.0,1
GB-CHC-1104779,GB-CHC-230102,99000.0,1
GB-CHC-1104779,GB-CHC-230260,10000.0,1
GB-CHC-1104960,GB-CHC-1105580,75000.0,1
GB-CHC-1104960,GB-CHC-1164703,5000.0,1
GB-CHC-1104960,GB-COH-IP00525R,1687.79,1
GB-CHC-1105403,360G-blf,9610.0,1
GB-CHC-1105403,GB-CHC-1103731,1900.0,1
GB-CHC-1105403,GB-LAE-GLA,7000.0,1
GB-CHC-1105412,GB-CHC-1009195,144600.0,1
GB-CHC-1105412,GB-CHC-1105580,90000.0,1
GB-CHC-1105412,GB-CHC-230260,75000.0,1
GB-CHC-1105759,GB-CHC-1000147,10000.0,1
GB-CHC-1105759,GB-CHC-1052061,6000.0,1
GB-CHC-1105759,GB-CHC-230260,40000.0,1
GB-CHC-1106223,360G-blf,283726.0,1
GB-CHC-1106223,GB-CHC-230102,95500.0,1
GB-CHC-1106223,GB-COH-02273708,73060.0,4
GB-CHC-1106747,360G-blf,165760.0,1
GB-CHC-1106747,GB-CHC-1080418,2000.0,1
GB-CHC-1106747,GB-COH-IP00525R,1264.94,1
GB-CHC-1107264,GB-CHC-1105580,92000.0,2
GB-CHC-1107264,GB-CHC-1160316,29936.0,1
GB-CHC-1107264,GB-CHC-205629,391884.0,2
GB-CHC-1107264,GB-CHC-326568 ,250000.0,1
GB-CHC-1107413,360G-blf,367983.0,1
GB-CHC-1107413,GB-CHC-1103731,39897.0,1
GB-CHC-1107413,GB-COH-IP00525R,4173.33,1
GB-CHC-1107670,360G-blf,10000.0,1
GB-CHC-1107670,GB-CHC-1045304,1000.0,1
GB-CHC-1107670,GB-CHC-230260,3000.0,1
GB-CHC-1108113,360G-blf,7600.0,1
GB-CHC-1108113,GB-CHC-1000147,10000.0,1
GB-CHC-1108113,GB-CHC-327114,67200.0,1
GB-CHC-1108162,360G-blf,9945.0,1
GB-CHC-1108162,GB-CHC-230102,90000.0,1
GB-CHC-1108162,GB-CHC-230260,20000.0,1
GB-CHC-1108210,GB-CHC-1164021,25000.0,2
GB-CHC-1108210,GB-CHC-200051,210990.0,1
GB-CHC-1108210,GB-CHC-205629,48000.0,1
GB-CHC-1108855,360G-blf,7719.0,1
GB-CHC-1108855,GB-CHC-230102,10000.0,1
GB-CHC-1108855,GB-COH-IP00525R,6377.09,1
GB-CHC-1109976,360G-blf,2651.0,1
GB-CHC-1109976,GB-CHC-230260,5000.0,1
GB-CHC-1109976,GB-COH-IP00525R,1436.44,1
GB-CHC-1110841,GB-CHC-1000147,10000.0,1
GB-CHC-1110841,GB-CHC-1105580,30000.0,1
GB-CHC-1110841,GB-CHC-327114,75000.0,1
GB-CHC-1110853,360G-blf,388081.0,2
GB-CHC-1110853,GB-CHC-1105580,90000.0,1
GB-CHC-1110853,GB-CHC-200051,147007.0,1
GB-CHC-1110986,360G-blf,199024.0,1
GB-CHC-1110986,GB-CHC-1105580,74000.0,1
GB-CHC-1110986,GB-CHC-230260,15000.0,1
GB-CHC-1110986,GB-COH-IP00525R,1954.48,1
GB-CHC-1111035,360G-blf,4956.0,1
GB-CHC-1111035,GB-CHC-327114,120000.0,1
GB-CHC-1111035,GB-COH-IP00525R,6870.45,2
GB-CHC-1111581,GB-CHC-230260,6500.0,1
GB-CHC-1111581,GB-COH-02273708,25000.0,1
GB-CHC-1111581,GB-COH-IP00525R,3410.35,1
GB-CHC-1111713,360G-blf,5400.0,1
GB-CHC-1111713,GB-CHC-1059652,10000.0,1
GB-CHC-1111713,GB-CHC-230260,5000.0,1
GB-CHC-1111713,GB-COH-IP00525R,7097.11,1
GB-CHC-1112095,360G-blf,10000.0,1
GB-CHC-1112095,GB-CHC-205629,90000.0,1
GB-CHC-1112095,GB-CHC-274100,10000.0,1
GB-CHC-1112326,360G-blf,8814.0,1
GB-CHC-1112326,GB-CHC-1105580,4000.0,1
GB-CHC-1112326,GB-CHC-200051,19835.0,1
GB-CHC-1112326,GB-CHC-327114,75000.0,1
GB-CHC-1113125,GB-CHC-1035628,150600.0,1
GB-CHC-1113125,GB-CHC-230260,25000.0,1
GB-CHC-1113125,GB-COH-IP00525R,5589.61,2
GB-CHC-1113330,360G-blf,9720.0,1
GB-CHC-1113330,GB-CHC-230260,15000.0,1
GB-CHC-1113330,GB-CHC-274100,15000.0,1
GB-CHC-1113330,GB-COH-IP00525R,2185.47,1
GB-CHC-1113379,360G-blf,8084.0,1
GB-CHC-1113379,GB-CHC-230102,10000.0,1
GB-CHC-1113379,GB-COH-IP00525R,1912.67,1
GB-CHC-1114148,360G-blf,431687.0,1
GB-CHC-1114148,GB-CHC-205629,91000.0,1
GB-CHC-1114148,GB-CHC-327114,75000.0,1
GB-CHC-1114558,360G-blf,499065.0,1
GB-CHC-1114558,GB-CHC-200051,60000.0,1
GB-CHC-1114558,GB-COH-IP00525R,1838.93,1
GB-CHC-1115222,360G-blf,401000.0,1
GB-CHC-1115222,GB-CHC-230260,2000.0,1
GB-CHC-1115222,GB-COH-07991677,40000.0,1
GB-CHC-1115595,360G-blf,9958.0,1
GB-CHC-1115595,GB-CHC-1035628,98900.0,1
GB-CHC-1115595,GB-COH-IP00525R,5888.06,1
GB-CHC-1116381,GB-CHC-230260,10000.0,1
GB-CHC-1116381,GB-COH-04530979,2583.44,1
GB-CHC-1116381,GB-COH-IP00525R,3195.81,1
GB-CHC-1116957,GB-CHC-230260,10000.0,1
GB-CHC-1116957,GB-CHC-299963,500.0,1
GB-CHC-1116957,GB-CHC-327114,61966.0,1
GB-CHC-1116957,GB-COH-02273708,28600.0,2
GB-CHC-1116957,GB-COH-IP00525R,1562.9,1
GB-CHC-1117141,GB-CHC-1105580,15000.0,1
GB-CHC-1117141,GB-CHC-327114,72053.0,1
GB-CHC-1117141,GB-COH-IP00525R,5764.21,2
GB-CHC-1117244,GB-CHC-1035628,80000.0,1
GB-CHC-1117244,GB-CHC-1105580,105000.0,1
GB-CHC-1117244,GB-CHC-200051,500000.0,1
GB-CHC-1118360,GB-CHC-230260,20000.0,1
GB-CHC-1118360,GB-COH-02273708,18620.0,7
GB-CHC-1118360,GB-COH-IP00525R,2195.91,1
GB-CHC-1118525,GB-CHC-1078217,100000.0,1
GB-CHC-1118525,GB-CHC-1081124,50000.0,1
GB-CHC-1118525,GB-COH-07991677,30000.0,1
GB-CHC-1118727,GB-CHC-1105580,157500.0,2
GB-CHC-1118727,GB-CHC-1115476,91500.0,1
GB-CHC-1118727,GB-CHC-200051,150000.0,1
GB-CHC-1118727,GB-CHC-205629,89000.0,1
GB-CHC-1119136,360G-blf,10000.0,1
GB-CHC-1119136,GB-CHC-1035628,100000.0,1
GB-CHC-1119136,GB-CHC-1105580,70000.0,1
GB-CHC-1119798,360G-blf,9550.0,1
GB-CHC-1119798,GB-CHC-230260,10000.0,1
GB-CHC-1119798,GB-COH-IP00525R,5285.25,1
GB-CHC-1120120,GB-CHC-230260,15000.0,1
GB-CHC-1120120,GB-COH-02273708,5910.0,1
GB-CHC-1120120,GB-COH-IP00525R,1114.96,1
GB-CHC-1120156,360G-blf,9720.0,1
GB-CHC-1120156,GB-CHC-1057923,1000.0,1
GB-CHC-1120156,GB-COH-IP00525R,4848.62,1
GB-CHC-1120322,GB-CHC-1164703,2400.0,1
GB-CHC-1120322,GB-CHC-230102,87000.0,1
GB-CHC-1120322,GB-CHC-327114,39600.0,1
GB-CHC-1120562,GB-CHC-1000147,15000.0,1
GB-CHC-1120562,GB-CHC-1035628,28500.0,1
GB-CHC-1120562,GB-CHC-230260,75000.0,1
GB-CHC-1120694,360G-blf,6600.0,1
GB-CHC-1120694,GB-CHC-1093028,35000.0,1
GB-CHC-1120694,GB-CHC-230260,30000.0,1
GB-CHC-1120857,360G-blf,10000.0,1
GB-CHC-1120857,GB-CHC-230260,90000.0,1
GB-CHC-1120857,GB-COH-02273708,2500.0,1
GB-CHC-1121347,360G-blf,390506.0,2
GB-CHC-1121347,GB-CHC-230260,5000.0,1
GB-CHC-1121347,GB-CHC-299963,3000.0,1
GB-CHC-1121605,360G-blf,49913.0,1
GB-CHC-1121605,GB-CHC-1105580,35000.0,1
GB-CHC-1121605,GB-CHC-200051,40194.0,1
GB-CHC-1121801,360G-blf,298331.0,2
GB-CHC-1121801,GB-COH-02273708,1500.0,1
GB-CHC-1121801,GB-COH-IP00525R,1535.36,1
GB-CHC-1122405,360G-blf,9996.0,1
GB-CHC-1122405,GB-CHC-274100,20000.0,1
GB-CHC-1122405,GB-CHC-327114,15000.0,1
GB-CHC-1122532,360G-blf,10000.0,2
GB-CHC-1122532,GB-CHC-327114,15000.0,1
GB-CHC-1122532,GB-COH-IP00525R,2109.71,1
GB-CHC-1122852,GB-CHC-1105580,60000.0,1
GB-CHC-1122852,GB-CHC-1113226,6450.0,1
GB-CHC-1122852,GB-CHC-1164021,90000.0,1
GB-CHC-1122852,GB-COH-07991677,27000.0,1
GB-CHC-1123017,360G-blf,9845.0,1
GB-CHC-1123017,GB-CHC-230260,10000.0,1
GB-CHC-1123017,GB-COH-IP00525R,4503.12,1
GB-CHC-1123615,360G-blf,9902.0,1
GB-CHC-1123615,GB-CHC-327114,75000.0,1
GB-CHC-1123615,GB-COH-IP00525R,1156.99,1
GB-CHC-1124328,360G-blf,10000.0,1
GB-CHC-1124328,GB-CHC-1000147,5000.0,1
GB-CHC-1124328,GB-CHC-327114,75000.0,1
GB-CHC-1124492,GB-CHC-1093028,20000.0,1
GB-CHC-1124492,GB-CHC-200051,150000.0,1
GB-CHC-1124492,GB-CHC-327114,75000.0,1
GB-CHC-1125477,360G-blf,377731.0,1
GB-CHC-1125477,GB-CHC-200051,111000.0,1
GB-CHC-1125477,GB-CHC-327114,14914.0,1
GB-CHC-1125695,GB-CHC-230260,40000.0,2
GB-CHC-1125695,GB-COH-02273708,1759.0,7
GB-CHC-1125695,GB-COH-IP00525R,2618.36,1
GB-CHC-1125808,360G-blf,418029.0,1
GB-CHC-1125808,GB-CHC-1080418,4300.0,1
GB-CHC-1125808,GB-COH-IP00525R,3457.94,1
GB-CHC-1126646,GB-CHC-1000147,15000.0,1
GB-CHC-1126646,GB-CHC-327114,75000.0,1
GB-CHC-1126646,GB-COH-IP00525R,3304.54,1
GB-CHC-1126682,GB-CHC-230260,20000.0,1
GB-CHC-1126682,GB-CHC-327114,149520.0,2
GB-CHC-1126682,GB-COH-04530979,2500.0,1
GB-CHC-1126806,360G-blf,1299283.0,2
GB-CHC-1126806,GB-CHC-1035628,87900.0,1
GB-CHC-1126806,GB-CHC-230260,50000.0,1
GB-CHC-1127772,360G-blf,8003.0,1
GB-CHC-1127772,GB-CHC-1140372,25000.0,1
GB-CHC-1127772,GB-CHC-230260,25000.0,1
GB-CHC-1128330,360G-blf,9900.0,1
GB-CHC-1128330,GB-CHC-230260,10000.0,1
GB-CHC-1128330,GB-COH-IP00525R,2460.08,1
GB-CHC-1128529,GB-CHC-1143711,5000.0,1
GB-CHC-1128529,GB-CHC-1164021,108000.0,1
GB-CHC-1128529,GB-LAE-GLA,49958.0,1
GB-CHC-1128731,GB-COH-04530979,1000.0,1
GB-CHC-1128731,GB-COH-IP00525R,2180.33,1
GB-CHC-1128731,GB-COH-RC000766,10000.0,1
GB-CHC-1128924,360G-blf,5000.0,1
GB-CHC-1128924,GB-CHC-230260,30000.0,1
GB-CHC-1128924,GB-CHC-327114,15000.0,1
GB-CHC-1128932,GB-CHC-1111600,5113.0,2
GB-CHC-1128932,GB-CHC-230260,7500.0,1
GB-CHC-1128932,GB-COH-IP00525R,1792.18,1
GB-CHC-1129521,GB-CHC-1093844,36000.0,1
GB-CHC-1129521,GB-CHC-230260,7500.0,1
GB-CHC-1129521,GB-COH-IP00525R,14640.06,2
GB-CHC-1129973,360G-blf,48050.0,1
GB-CHC-1129973,GB-CHC-327114,15000.0,1
GB-CHC-1129973,GB-COH-IP00525R,2962.58,1
GB-CHC-1130826,360G-blf,10000.0,1
GB-CHC-1130826,GB-CHC-230260,7500.0,1
GB-CHC-1130826,GB-COH-IP00525R,7289.27,2
GB-CHC-1130994,360G-blf,9528.0,1
GB-CHC-1130994,GB-CHC-274100,9700.0,1
GB-CHC-1130994,GB-COH-IP00525R,2329.57,1
GB-CHC-1131118,360G-blf,9590.0,1
GB-CHC-1131118,GB-COH-02273708,250.0,1
GB-CHC-1131118,GB-COH-IP00525R,2828.99,1
GB-CHC-1131301,360G-blf,370508.0,1
GB-CHC-1131301,GB-CHC-1119845,1101.0,1
GB-CHC-1131301,GB-CHC-230260,2500.0,1
GB-CHC-1131306,360G-blf,10000.0,2
GB-CHC-1131306,GB-CHC-1105580,2000.0,1
GB-CHC-1131306,GB-CHC-230260,60000.0,1
GB-CHC-1131306,GB-CHC-327114,75000.0,1
GB-CHC-1131306,GB-COH-IP00525R,2135.82,1
GB-CHC-1131408,360G-blf,9981.0,1
GB-CHC-1131408,GB-COH-02273708,2950.0,2
GB-CHC-1131408,GB-COH-IP00525R,1982.81,1
GB-CHC-1131792,360G-blf,9999.0,1
GB-CHC-1131792,GB-CHC-230260,10000.0,1
GB-CHC-1131792,GB-COH-IP00525R,7146.110000000001,2
GB-CHC-1131802,GB-CHC-1035628,117000.0,1
GB-CHC-1131802,GB-CHC-230260,40000.0,1
GB-CHC-1131802,GB-CHC-327114,75000.0,1
GB-CHC-1131817,GB-CHC-1045304,9124.64,2
GB-CHC-1131817,GB-CHC-230260,3000.0,1
GB-CHC-1131817,GB-CHC-274100,7400.0,1
GB-CHC-1131817,GB-CHC-327114,13244.0,1
GB-CHC-1132051,GB-CHC-1000147,20000.0,1
GB-CHC-1132051,GB-CHC-230260,30000.0,1
GB-CHC-1132051,GB-CHC-274100,16000.0,1
GB-CHC-1132051,GB-COH-02273708,56612.0,4
GB-CHC-1132181,360G-blf,9894.0,1
GB-CHC-1132181,GB-CHC-230260,5000.0,1
GB-CHC-1132181,GB-COH-IP00525R,1828.12,1
GB-CHC-1132987,360G-blf,5875.0,1
GB-CHC-1132987,GB-CHC-1052061,5000.0,1
GB-CHC-1132987,GB-CHC-299963,500.0,1
GB-CHC-1133284,360G-blf,9855.0,1
GB-CHC-1133284,GB-CHC-230260,20000.0,1
GB-CHC-1133284,GB-CHC-274100,9500.0,1
GB-CHC-1133739,360G-blf,10000.0,1
GB-CHC-1133739,GB-CHC-1105580,110000.0,1
GB-CHC-1133739,GB-CHC-230260,50000.0,1
GB-CHC-1134236,GB-CHC-1119845,2470.0,1
GB-CHC-1134236,GB-CHC-230260,5000.0,1
GB-CHC-1134236,GB-COH-IP00525R,2603.18,1
GB-CHC-1134611,360G-blf,10000.0,1
GB-CHC-1134611,GB-COH-04530979,4000.0,1
GB-CHC-1134611,GB-COH-IP00525R,2792.4300000000003,2
GB-CHC-1134829,GB-CHC-1119845,10000.0,1
GB-CHC-1134829,GB-CHC-230260,10000.0,1
GB-CHC-1134829,GB-COH-IP00525R,2719.35,1
GB-CHC-1135005,GB-CHC-1045304,5341.0,3
GB-CHC-1135005,GB-CHC-230260,3000.0,1
GB-CHC-1135005,GB-COH-IP00525R,1968.96,1
GB-CHC-1136363,360G-blf,5000.0,1
GB-CHC-1136363,GB-CHC-230260,3000.0,1
GB-CHC-1136363,GB-CHC-274100,10000.0,1
GB-CHC-1136965,360G-blf,10000.0,1
GB-CHC-1136965,GB-CHC-312800,45000.0,1
GB-CHC-1136965,GB-COH-IP00525R,4459.18,1
GB-CHC-1136997,GB-CHC-1143711,4383.8,1
GB-CHC-1136997,GB-CHC-230260,30000.0,1
GB-CHC-1136997,GB-COH-IP00525R,8862.63,1
GB-CHC-1137281,GB-CHC-274100,1200.0,1
GB-CHC-1137281,GB-CHC-327114,15000.0,1
GB-CHC-1137281,GB-COH-IP00525R,2409.77,1
GB-CHC-1137319,360G-blf,502915.0,2
GB-CHC-1137319,GB-CHC-1161290,41981.0,1
GB-CHC-1137319,GB-CHC-327114,94000.0,1
GB-CHC-1137319,GB-COH-02273708,36900.0,1
GB-CHC-1137438,360G-blf,9950.0,1
GB-CHC-1137438,GB-COH-04831118,479.0,1
GB-CHC-1137438,GB-COH-IP00525R,5091.87,1
GB-CHC-1137535,360G-blf,398250.0,1
GB-CHC-1137535,GB-CHC-1105580,40000.0,1
GB-CHC-1137535,GB-COH-IP00525R,1048.82,1
GB-CHC-1137686,360G-blf,221020.0,2
GB-CHC-1137686,GB-CHC-1105580,60000.0,1
GB-CHC-1137686,GB-CHC-327114,72192.0,1
GB-CHC-1138675,GB-CHC-1093844,25000.0,1
GB-CHC-1138675,GB-CHC-230260,10000.0,1
GB-CHC-1138675,GB-COH-IP00525R,1615.38,1
GB-CHC-1139257,360G-blf,18390.0,2
GB-CHC-1139257,GB-CHC-1057923,1000.0,1
GB-CHC-1139257,GB-CHC-226446,4000.0,1
GB-CHC-1139257,GB-COH-IP00525R,16287.57,5
GB-CHC-1139355,360G-blf,9930.0,1
GB-CHC-1139355,GB-CHC-1093844,30000.0,1
GB-CHC-1139355,GB-COH-IP00525R,3928.83,1
GB-CHC-1139517,360G-blf,9457.0,1
GB-CHC-1139517,GB-CHC-1143711,7000.0,1
GB-CHC-1139517,GB-CHC-327114,50000.0,1
GB-CHC-1139517,GB-COH-IP00525R,1946.3,1
GB-CHC-1139807,360G-blf,5000.0,1
GB-CHC-1139807,GB-CHC-1105580,103000.0,1
GB-CHC-1139807,GB-COH-IP00525R,2412.91,1
GB-CHC-1139817,360G-blf,246871.0,1
GB-CHC-1139817,GB-CHC-230260,10000.0,1
GB-CHC-1139817,GB-COH-IP00525R,3316.36,1
GB-CHC-1139825,360G-blf,9312.0,1
GB-CHC-1139825,GB-CHC-230260,15000.0,1
GB-CHC-1139825,GB-COH-IP00525R,10374.02,1
GB-CHC-1140385,360G-blf,9820.0,1
GB-CHC-1140385,GB-CHC-1093844,30000.0,1
GB-CHC-1140385,GB-CHC-299963,750.0,1
GB-CHC-1140385,GB-COH-IP00525R,5774.4,1
GB-CHC-1140498,GB-CHC-200051,75734.0,1
GB-CHC-1140498,GB-CHC-230260,7500.0,1
GB-CHC-1140498,GB-COH-IP00525R,1571.32,1
GB-CHC-1140822,360G-blf,494561.0,1
GB-CHC-1140822,GB-CHC-1113226,5000.0,1
GB-CHC-1140822,GB-CHC-200051,150000.0,1
GB-CHC-1141651,360G-blf,9880.0,1
GB-CHC-1141651,GB-CHC-1045304,4980.0,1
GB-CHC-1141651,GB-CHC-230260,7500.0,1
GB-CHC-1141966,360G-blf,9225.0,1
GB-CHC-1141966,GB-CHC-1080418,19500.0,2
GB-CHC-1141966,GB-COH-IP00525R,2911.65,1
GB-CHC-1142067,360G-blf,205423.0,2
GB-CHC-1142067,GB-CHC-1105580,46204.0,1
GB-CHC-1142067,GB-CHC-230260,5000.0,1
GB-CHC-1142067,GB-CHC-274100,6000.0,1
GB-CHC-1142084,GB-CHC-1080418,5000.0,1
GB-CHC-1142084,GB-CHC-1143711,10908.0,2
GB-CHC-1142084,GB-CHC-230260,15000.0,1
GB-CHC-1142084,GB-COH-IP00525R,1532.46,1
GB-CHC-1142217,360G-blf,371867.0,1
GB-CHC-1142217,GB-CHC-1145921,1632.1,1
GB-CHC-1142217,GB-COH-IP00525R,3203.64,1
GB-CHC-1142234,360G-blf,9972.0,1
GB-CHC-1142234,GB-CHC-1143711,10600.0,2
GB-CHC-1142234,GB-CHC-230260,10000.0,1
GB-CHC-1142543,360G-blf,9940.0,1
GB-CHC-1142543,GB-CHC-299963,750.0,1
GB-CHC-1142543,GB-CHC-327114,15000.0,1
GB-CHC-1143655,360G-blf,10000.0,1
GB-CHC-1143655,GB-CHC-230260,2000.0,1
GB-CHC-1143655,GB-COH-IP00525R,4262.76,1
GB-CHC-1143678,360G-blf,8550.0,1
GB-CHC-1143678,GB-CHC-210169,4500.0,1
GB-CHC-1143678,GB-CHC-230260,20000.0,1
GB-CHC-1143678,GB-CHC-327114,75000.0,1
GB-CHC-1143678,GB-COH-IP00525R,1818.84,1
GB-CHC-1144453,360G-blf,428546.0,2
GB-CHC-1144453,GB-CHC-1105580,112000.0,1
GB-CHC-1144453,GB-COH-02273708,46854.0,5
GB-CHC-1144453,GB-COH-IP00525R,1986.2,1
GB-CHC-1144522,360G-blf,9260.0,1
GB-CHC-1144522,GB-CHC-1080418,2500.0,1
GB-CHC-1144522,GB-COH-IP00525R,3794.02,1
GB-CHC-1144976,360G-blf,9985.0,1
GB-CHC-1144976,GB-CHC-1105580,90000.0,1
GB-CHC-1144976,GB-CHC-230260,30000.0,1
GB-CHC-1145816,360G-blf,9936.0,1
GB-CHC-1145816,GB-CHC-1111600,15900.0,1
GB-CHC-1145816,GB-CHC-327114,75000.0,1
GB-CHC-1145818,GB-CHC-230260,2000.0,1
GB-CHC-1145818,GB-CHC-274100,10000.0,1
GB-CHC-1145818,GB-COH-IP00525R,3296.06,1
GB-CHC-1146074,360G-blf,9925.0,1
GB-CHC-1146074,GB-CHC-230260,15000.0,1
GB-CHC-1146074,GB-COH-IP00525R,5389.61,1
GB-CHC-1146149,360G-blf,93660.0,1
GB-CHC-1146149,GB-CHC-1035628,87900.0,1
GB-CHC-1146149,GB-CHC-1080418,500.0,1
GB-CHC-1146149,GB-CHC-1105580,5000.0,1
GB-CHC-1146149,GB-COH-04530979,750.0,1
GB-CHC-1146149,GB-COH-IP00525R,6173.71,1
GB-CHC-1146188,GB-CHC-1161290,40210.0,1
GB-CHC-1146188,GB-CHC-230260,20000.0,1
GB-CHC-1146188,GB-COH-02273708,7500.0,1
GB-CHC-1146471,360G-blf,5273.0,1
GB-CHC-1146471,GB-CHC-1105580,25000.0,1
GB-CHC-1146471,GB-COH-IP00525R,6331.88,2
GB-CHC-1146714,360G-blf,10000.0,1
GB-CHC-1146714,GB-CHC-1105580,72000.0,1
GB-CHC-1146714,GB-COH-IP00525R,4264.31,1
GB-CHC-1147048,360G-blf,8700.0,1
GB-CHC-1147048,GB-CHC-230260,10000.0,1
GB-CHC-1147048,GB-CHC-327114,14800.0,1
GB-CHC-1147232,360G-blf,5000.0,1
GB-CHC-1147232,GB-CHC-274100,4700.0,1
GB-CHC-1147232,GB-COH-IP00525R,2280.4,1
GB-CHC-1147913,GB-CHC-200051,50365.0,1
GB-CHC-1147913,GB-CHC-205629,120000.0,1
GB-CHC-1147913,GB-CHC-327114,99525.0,1
GB-CHC-1148195,360G-blf,9931.0,1
GB-CHC-1148195,GB-CHC-1052061,1000.0,1
GB-CHC-1148195,GB-COH-IP00525R,45479.22,15
GB-CHC-1148676,GB-CHC-230260,3000.0,1
GB-CHC-1148676,GB-COH-02273708,1000.0,1
GB-CHC-1148676,GB-COH-IP00525R,3296.27,2
GB-CHC-1148855,360G-blf,10000.0,1
GB-CHC-1148855,GB-CHC-1045304,12800.0,4
GB-CHC-1148855,GB-CHC-1089893,5000.0,1
GB-CHC-1148855,GB-CHC-230260,9500.0,1
GB-CHC-1149085,GB-CHC-1080418,66650.0,6
GB-CHC-1149085,GB-CHC-205959,10549.0,4
GB-CHC-1149085,GB-COH-03037449,1005512.0,1
GB-CHC-1149085,GB-LAE-GLA,9000.0,1
GB-CHC-1149785,360G-blf,394571.0,1
GB-CHC-1149785,GB-CHC-1045304,41062.0,6
GB-CHC-1149785,GB-CHC-1105580,75000.0,1
GB-CHC-1149932,360G-blf,9775.0,1
GB-CHC-1149932,GB-CHC-327114,73297.0,1
GB-CHC-1149932,GB-COH-IP00525R,3894.3900000000003,2
GB-CHC-1150049,360G-blf,9797.0,1
GB-CHC-1150049,GB-CHC-1105580,81000.0,1
GB-CHC-1150049,GB-CHC-230102,57900.0,1
GB-CHC-1150049,GB-COH-IP00525R,5022.96,1
GB-CHC-1151763,360G-blf,10000.0,1
GB-CHC-1151763,GB-CHC-1045304,1000.0,1
GB-CHC-1151763,GB-CHC-299963,1000.0,1
GB-CHC-1151897,GB-CHC-200051,150000.0,1
GB-CHC-1151897,GB-CHC-327114,49277.0,1
GB-CHC-1151897,GB-COH-IP00525R,5602.94,1
GB-CHC-1151911,360G-blf,10000.0,1
GB-CHC-1151911,GB-CHC-1105580,105000.0,1
GB-CHC-1151911,GB-CHC-1164703,2500.0,1
GB-CHC-1152146,360G-blf,10000.0,1
GB-CHC-1152146,GB-CHC-1105580,40000.0,1
GB-CHC-1152146,GB-COH-IP00525R,2583.57,1
GB-CHC-1152426,360G-blf,291358.0,1
GB-CHC-1152426,GB-CHC-327114,55194.0,1
GB-CHC-1152426,GB-COH-04530979,7200.0,2
GB-CHC-1152592,360G-blf,9980.0,1
GB-CHC-1152592,GB-CHC-1000147,7500.0,1
GB-CHC-1152592,GB-CHC-327114,13932.0,1
GB-CHC-1152702,360G-blf,9990.0,1
GB-CHC-1152702,GB-CHC-327114,14995.0,1
GB-CHC-1152702,GB-COH-IP00525R,785.93,1
GB-CHC-1152724,GB-CHC-1045304,500.0,1
GB-CHC-1152724,GB-CHC-1164703,2000.0,1
GB-CHC-1152724,GB-COH-IP00525R,1903.24,1
GB-CHC-1152785,GB-CHC-1000147,10000.0,1
GB-CHC-1152785,GB-CHC-230260,45000.0,1
GB-CHC-1152785,GB-CHC-299963,1500.0,1
GB-CHC-1152785,GB-COH-02273708,24600.0,1
GB-CHC-1152836,360G-blf,4588.0,1
GB-CHC-1152836,GB-CHC-1045304,1291.0,1
GB-CHC-1152836,GB-CHC-230260,5000.0,1
GB-CHC-1154450,360G-blf,10000.0,1
GB-CHC-1154450,GB-CHC-230260,5000.0,1
GB-CHC-1154450,GB-COH-IP00525R,3806.21,1
GB-CHC-1154766,GB-CHC-230102,117100.0,1
GB-CHC-1154766,GB-CHC-230260,25000.0,1
GB-CHC-1154766,GB-COH-02273708,77300.0,2
GB-CHC-1154939,360G-blf,9895.0,1
GB-CHC-1154939,GB-CHC-1113226,3535.37,1
GB-CHC-1154939,GB-CHC-230260,10000.0,1
GB-CHC-1154939,GB-COH-IP00525R,3600.32,1
GB-CHC-1155092,360G-blf,513286.0,1
GB-CHC-1155092,GB-CHC-210037,120000.0,1
GB-CHC-1155092,GB-CHC-327114,15000.0,1
GB-CHC-1155286,GB-CHC-200051,150000.0,1
GB-CHC-1155286,GB-CHC-205629,150000.0,1
GB-CHC-1155286,GB-CHC-210037,141000.0,2
GB-CHC-1155313,360G-blf,9930.0,1
GB-CHC-1155313,GB-CHC-1057923,4000.0,2
GB-CHC-1155313,GB-COH-IP00525R,2326.79,1
GB-CHC-1155389,360G-blf,10000.0,1
GB-CHC-1155389,GB-CHC-1143711,12860.0,1
GB-CHC-1155389,GB-CHC-327114,13650.0,1
GB-CHC-1155389,GB-COH-IP00525R,4901.99,1
GB-CHC-1155649,360G-blf,10000.0,1
GB-CHC-1155649,GB-CHC-299963,750.0,1
GB-CHC-1155649,GB-COH-IP00525R,4022.13,2
GB-CHC-1155789,360G-blf,9930.0,1
GB-CHC-1155789,GB-CHC-200051,60000.0,1
GB-CHC-1155789,GB-CHC-230260,5000.0,1
GB-CHC-1156237,360G-blf,205075.0,1
GB-CHC-1156237,GB-CHC-1166471,1000.0,1
GB-CHC-1156237,GB-CHC-274100,6600.0,1
GB-CHC-1156237,GB-COH-IP00525R,926.79,1
GB-CHC-1156690,GB-CHC-1080418,40300.0,2
GB-CHC-1156690,GB-CHC-230102,80000.0,1
GB-CHC-1156690,GB-CHC-274100,15000.0,1
GB-CHC-1156690,GB-CHC-327114,15000.0,1
GB-CHC-1156974,360G-blf,9600.0,1
GB-CHC-1156974,GB-CHC-1105580,75000.0,1
GB-CHC-1156974,GB-CHC-327114,14576.0,1
GB-CHC-1157297,GB-CHC-200051,60000.0,1
GB-CHC-1157297,GB-CHC-230260,30000.0,1
GB-CHC-1157297,GB-COH-07991677,15000.0,1
GB-CHC-1157578,360G-blf,9891.0,1
GB-CHC-1157578,GB-CHC-1161290,48989.0,1
GB-CHC-1157578,GB-CHC-299963,1000.0,1
GB-CHC-1157578,GB-CHC-327114,14708.0,1
GB-CHC-1157578,GB-COH-02273708,48299.0,6
GB-CHC-1158320,360G-blf,7870.0,1
GB-CHC-1158320,GB-CHC-1080418,1200.0,2
GB-CHC-1158320,GB-CHC-327114,9300.0,1
GB-CHC-1158666,360G-blf,257379.0,1
GB-CHC-1158666,GB-CHC-230260,10000.0,1
GB-CHC-1158666,GB-COH-IP00525R,2778.77,1
GB-CHC-1158700,360G-blf,161930.0,1
GB-CHC-1158700,GB-CHC-1035628,77250.0,1
GB-CHC-1158700,GB-CHC-200051,69560.0,1
GB-CHC-1158700,GB-CHC-210037,52500.0,1
GB-CHC-1158926,360G-blf,10000.0,1
GB-CHC-1158926,GB-CHC-1160316,87595.0,1
GB-CHC-1158926,GB-COH-IP00525R,4455.4,1
GB-CHC-1160390,360G-blf,9750.0,1
GB-CHC-1160390,GB-CHC-1166471,5000.0,1
GB-CHC-1160390,GB-CHC-274100,10000.0,1
GB-CHC-1160390,GB-COH-IP00525R,4852.26,1
GB-CHC-1160545,360G-blf,8638.0,1
GB-CHC-1160545,GB-CHC-1113226,4806.5,1
GB-CHC-1160545,GB-COH-IP00525R,3879.46,2
GB-CHC-1160589,360G-blf,9993.0,1
GB-CHC-1160589,GB-CHC-1045304,3000.0,2
GB-CHC-1160589,GB-COH-IP00525R,4756.84,1
GB-CHC-1160644,360G-blf,7959.0,1
GB-CHC-1160644,GB-CHC-1057923,2000.0,1
GB-CHC-1160644,GB-COH-IP00525R,5142.75,1
GB-CHC-1161102,360G-blf,10000.0,1
GB-CHC-1161102,GB-CHC-1093028,35000.0,1
GB-CHC-1161102,GB-CHC-1143711,3430.0,1
GB-CHC-1161102,GB-CHC-230260,10000.0,1
GB-CHC-1161177,360G-blf,8250.0,1
GB-CHC-1161177,GB-CHC-1166471,30500.0,2
GB-CHC-1161177,GB-COH-IP00525R,2576.71,1
GB-CHC-1161597,GB-CHC-1151621,5000.0,1
GB-CHC-1161597,GB-CHC-230260,5000.0,1
GB-CHC-1161597,GB-LAE-OXO,3000.0,1
GB-CHC-1162038,GB-CHC-230260,10000.0,1
GB-CHC-1162038,GB-CHC-274100,9700.0,1
GB-CHC-1162038,GB-CHC-327114,15000.0,1
GB-CHC-1162624,GB-CHC-1166471,30000.0,1
GB-CHC-1162624,GB-CHC-274100,10000.0,1
GB-CHC-1162624,GB-COH-IP00525R,1391.72,1
GB-CHC-1162835,360G-blf,9870.0,1
GB-CHC-1162835,GB-CHC-1107583,15800.0,1
GB-CHC-1162835,GB-COH-IP00525R,2519.08,1
GB-CHC-1163421,360G-blf,9620.0,1
GB-CHC-1163421,GB-CHC-230260,10000.0,1
GB-CHC-1163421,GB-COH-IP00525R,1859.46,1
GB-CHC-1163542,360G-blf,499241.0,1
GB-CHC-1163542,GB-CHC-1140372,39836.0,1
GB-CHC-1163542,GB-CHC-327114,15000.0,1
GB-CHC-1163582,360G-blf,48640.0,1
GB-CHC-1163582,GB-COH-02273708,1764.0,2
GB-CHC-1163582,GB-COH-IP00525R,3414.06,1
GB-CHC-1164021,360G-blf,220000.0,1
GB-CHC-1164021,GB-CHC-1164021,75000.0,1
GB-CHC-1164021,GB-CHC-200051,200000.0,1
GB-CHC-1164771,360G-blf,10000.0,1
GB-CHC-1164771,GB-CHC-1111600,600.0,1
GB-CHC-1164771,GB-COH-IP00525R,3646.24,2
GB-CHC-1165136,360G-blf,9950.0,1
GB-CHC-1165136,GB-CHC-1166471,5700.0,2
GB-CHC-1165136,GB-COH-RC000766,8000.0,1
GB-CHC-1165624,360G-blf,10000.0,1
GB-CHC-1165624,GB-CHC-1113226,10000.0,1
GB-CHC-1165624,GB-COH-IP00525R,6991.41,1
GB-CHC-1166057,GB-CHC-1057923,5900.0,2
GB-CHC-1166057,GB-CHC-1105580,60000.0,1
GB-CHC-1166057,GB-CHC-299963,1900.0,1
GB-CHC-1166448,360G-blf,9780.0,1
GB-CHC-1166448,GB-CHC-230260,5000.0,1
GB-CHC-1166448,GB-CHC-274100,5500.0,1
GB-CHC-1166802,360G-blf,9930.0,1
GB-CHC-1166802,GB-CHC-1113226,780.0,1
GB-CHC-1166802,GB-COH-IP00525R,3328.26,1
GB-CHC-1167919,GB-CHC-1103731,60000.0,1
GB-CHC-1167919,GB-CHC-205629,60000.0,1
GB-CHC-1167919,GB-LAE-GLA,10000.0,1
GB-CHC-1168381,360G-blf,10000.0,1
GB-CHC-1168381,GB-COH-IP00525R,4822.22,1
GB-CHC-1168381,GB-LAE-GLA,40000.0,1
GB-CHC-1168729,360G-blf,3000.0,1
GB-CHC-1168729,GB-CHC-230260,7500.0,1
GB-CHC-1168729,GB-COH-IP00525R,4241.28,1
GB-CHC-1169026,360G-blf,9975.0,1
GB-CHC-1169026,GB-CHC-1045304,2033.0,1
GB-CHC-1169026,GB-CHC-230260,6500.0,1
GB-CHC-1169026,GB-CHC-299963,500.0,1
GB-CHC-1169421,360G-blf,9160.0,1
GB-CHC-1169421,GB-CHC-299963,300.0,1
GB-CHC-1169421,GB-COH-IP00525R,1006.53,1
GB-CHC-1169421,GB-COH-RC000766,41390.0,2
GB-CHC-1170448,GB-CHC-1140372,43000.0,1
GB-CHC-1170448,GB-CHC-230260,7500.0,1
GB-CHC-1170448,GB-COH-IP00525R,2694.32,1
GB-CHC-207720,GB-CHC-1035628,85300.0,1
GB-CHC-207720,GB-CHC-230260,30000.0,1
GB-CHC-207720,GB-LAE-BNE,4800.0,2
GB-CHC-208078,360G-blf,20000.0,2
GB-CHC-208078,GB-CHC-1111600,7500.0,1
GB-CHC-208078,GB-COH-IP00525R,8272.39,4
GB-CHC-209603,GB-CHC-1080418,750.0,1
GB-CHC-209603,GB-COH-04530979,500.0,1
GB-CHC-209603,GB-COH-IP00525R,18668.68,7
GB-CHC-210807,GB-CHC-1166471,47000.0,1
GB-CHC-210807,GB-CHC-200051,676628.0,2
GB-CHC-210807,GB-CHC-230260,20000.0,1
GB-CHC-211015,360G-blf,498040.0,1
GB-CHC-211015,GB-CHC-1113226,2000.0,1
GB-CHC-211015,GB-COH-IP00525R,8432.970000000001,3
GB-CHC-211535,360G-blf,372790.0,1
GB-CHC-211535,GB-CHC-1160316,237273.0,1
GB-CHC-211535,GB-CHC-200051,150000.0,1
GB-CHC-211535,GB-CHC-230260,30000.0,1
GB-CHC-211535,GB-CHC-326568 ,49997.0,1
GB-CHC-211850,360G-blf,362770.0,1
GB-CHC-211850,GB-CHC-1035628,98600.0,1
GB-CHC-211850,GB-CHC-1140372,40000.0,1
GB-CHC-212424,GB-CHC-1009195,80000.0,1
GB-CHC-212424,GB-CHC-1105580,10000.0,1
GB-CHC-212424,GB-CHC-200051,1074197.0,2
GB-CHC-214293,360G-blf,10000.0,1
GB-CHC-214293,GB-CHC-1045304,250.0,1
GB-CHC-214293,GB-COH-IP00525R,1685.62,1
GB-CHC-214779,GB-CHC-1045304,500.0,1
GB-CHC-214779,GB-CHC-1105580,2000.0,1
GB-CHC-214779,GB-COH-04530979,500.0,1
GB-CHC-214779,GB-COH-IP00525R,8017.799999999999,4
GB-CHC-216250,GB-CHC-1151621,4180.0,1
GB-CHC-216250,GB-COH-02273708,15000.0,1
GB-CHC-216250,GB-COH-IP00525R,1465.34,1
GB-CHC-219278,GB-CHC-1105580,34000.0,1
GB-CHC-219278,GB-CHC-200051,170000.0,2
GB-CHC-219278,GB-COH-07991677,70000.0,1
GB-CHC-219432,GB-CHC-1009195,70000.0,1
GB-CHC-219432,GB-CHC-230260,10000.0,1
GB-CHC-219432,GB-COH-IP00525R,7960.219999999999,2
GB-CHC-220949,GB-CHC-200051,225000.0,1
GB-CHC-220949,GB-CHC-230260,175000.0,1
GB-CHC-220949,GB-COH-IP00525R,245798.6,2
GB-CHC-230750,360G-blf,825003.0,2
GB-CHC-230750,GB-CHC-1045304,1500.0,2
GB-CHC-230750,GB-CHC-205629,120000.0,1
GB-CHC-230750,GB-COH-07991677,35000.0,2
GB-CHC-237778,360G-blf,10000.0,1
GB-CHC-237778,GB-CHC-230260,15000.0,1
GB-CHC-237778,GB-COH-IP00525R,969.78,1
GB-CHC-237956,360G-blf,84380.0,1
GB-CHC-237956,GB-CHC-1052061,7632.0,1
GB-CHC-237956,GB-COH-IP00525R,762.64,1
GB-CHC-247430,360G-blf,9616.0,1
GB-CHC-247430,GB-CHC-1113226,10000.0,1
GB-CHC-247430,GB-CHC-327114,15000.0,1
GB-CHC-247430,GB-COH-IP00525R,5499.38,1
GB-CHC-249359,GB-CHC-1093844,22500.0,1
GB-CHC-249359,GB-CHC-230260,1000.0,1
GB-CHC-249359,GB-COH-IP00525R,1719.99,1
GB-CHC-250277,360G-blf,8500.0,1
GB-CHC-250277,GB-CHC-1078217,5000.0,1
GB-CHC-250277,GB-CHC-200051,255180.0,1
GB-CHC-250527,360G-blf,9940.0,1
GB-CHC-250527,GB-CHC-1166471,6000.0,2
GB-CHC-250527,GB-COH-IP00525R,1663.37,1
GB-CHC-251549,360G-blf,6279.0,1
GB-CHC-251549,GB-CHC-1045304,8000.0,4
GB-CHC-251549,GB-CHC-230260,7500.0,1
GB-CHC-251549,GB-COH-04530979,1000.0,1
GB-CHC-251549,GB-COH-IP00525R,16378.56,5
GB-CHC-256335,GB-CHC-1080418,250.0,1
GB-CHC-256335,GB-CHC-1156300,62908.0,1
GB-CHC-256335,GB-CHC-230260,5000.0,1
GB-CHC-258197,GB-CHC-1052061,3000.0,1
GB-CHC-258197,GB-CHC-1080418,250.0,1
GB-CHC-258197,GB-CHC-1123126,1016.0,1
GB-CHC-258197,GB-COH-IP00525R,9306.3,4
GB-CHC-261009,360G-blf,1063722.0,3
GB-CHC-261009,GB-CHC-299963,1000.0,1
GB-CHC-261009,GB-COH-IP00525R,2007.72,1
GB-CHC-261017,GB-CHC-1080418,750.0,3
GB-CHC-261017,GB-CHC-1160316,10000.0,1
GB-CHC-261017,GB-CHC-230260,300000.0,1
GB-CHC-261994,360G-blf,152681.0,1
GB-CHC-261994,GB-CHC-1105580,30000.0,1
GB-CHC-261994,GB-CHC-230102,45000.0,1
GB-CHC-261994,GB-COH-IP00525R,8770.65,1
GB-CHC-264359,GB-CHC-1035628,66000.0,1
GB-CHC-264359,GB-CHC-1103731,60000.0,1
GB-CHC-264359,GB-CHC-230102,90000.0,1
GB-CHC-264359,GB-LAE-GLA,8000.0,1
GB-CHC-264713,360G-blf,994987.0,4
GB-CHC-264713,GB-CHC-1035628,46000.0,1
GB-CHC-264713,GB-CHC-230260,10000.0,1
GB-CHC-269425,360G-blf,196352.0,3
GB-CHC-269425,GB-CHC-1113226,3340.0,1
GB-CHC-269425,GB-COH-IP00525R,8920.66,3
GB-CHC-270761,360G-blf,529868.0,1
GB-CHC-270761,GB-CHC-230260,30000.0,1
GB-CHC-270761,GB-CHC-274100,50000.0,1
GB-CHC-271028,GB-CHC-1052061,2630.0,1
GB-CHC-271028,GB-CHC-1166471,2950.0,2
GB-CHC-271028,GB-CHC-210169,600.0,1
GB-CHC-271028,GB-COH-04530979,1331.92,2
GB-CHC-275066,GB-CHC-230260,20000.0,1
GB-CHC-275066,GB-CHC-274100,20000.0,1
GB-CHC-275066,GB-COH-IP00525R,4259.17,1
GB-CHC-275936,360G-blf,143648.0,1
GB-CHC-275936,GB-CHC-1089893,5000.0,1
GB-CHC-275936,GB-COH-IP00525R,973.91,1
GB-CHC-276821,360G-blf,19435.0,2
GB-CHC-276821,GB-CHC-230260,10000.0,1
GB-CHC-276821,GB-COH-IP00525R,762.53,1
GB-CHC-277935,360G-blf,310717.0,1
GB-CHC-277935,GB-CHC-230260,10000.0,1
GB-CHC-277935,GB-COH-IP00525R,3289.56,1
GB-CHC-279756,GB-CHC-1115476,29525.0,1
GB-CHC-279756,GB-CHC-200051,148081.0,1
GB-CHC-279756,GB-CHC-328524,20000.0,1
GB-CHC-280552,GB-CHC-1052061,2240.0,1
GB-CHC-280552,GB-CHC-230260,7500.0,1
GB-CHC-280552,GB-COH-IP00525R,958.31,1
GB-CHC-280805,GB-CHC-1000147,15000.0,1
GB-CHC-280805,GB-CHC-1059652,240000.0,1
GB-CHC-280805,GB-CHC-1164703,5000.0,1
GB-CHC-280805,GB-CHC-205629,150000.0,1
GB-CHC-280805,GB-CHC-274100,5000.0,1
GB-CHC-283660,360G-blf,379662.0,1
GB-CHC-283660,GB-CHC-1035628,165000.0,1
GB-CHC-283660,GB-CHC-200051,32026.0,1
GB-CHC-283660,GB-CHC-210037,5000.0,1
GB-CHC-284736,360G-blf,9902.0,1
GB-CHC-284736,GB-CHC-1105580,29000.0,2
GB-CHC-284736,GB-CHC-230260,27000.0,2
GB-CHC-284736,GB-CHC-299963,1000.0,1
GB-CHC-284736,GB-CHC-327114,73079.0,1
GB-CHC-284736,GB-COH-IP00525R,2950.02,1
GB-CHC-284912,360G-blf,915126.0,3
GB-CHC-284912,GB-CHC-1009195,80000.0,1
GB-CHC-284912,GB-CHC-1089893,103568.0,1
GB-CHC-284912,GB-CHC-200051,150000.0,1
GB-CHC-286098,360G-blf,8700.0,1
GB-CHC-286098,GB-CHC-327114,15000.0,1
GB-CHC-286098,GB-COH-IP00525R,8161.28,1
GB-CHC-288527,360G-blf,472176.0,1
GB-CHC-288527,GB-CHC-1035628,106400.0,1
GB-CHC-288527,GB-CHC-230260,20000.0,1
GB-CHC-289408,GB-CHC-1080418,5675.0,2
GB-CHC-289408,GB-CHC-299963,500.0,1
GB-CHC-289408,GB-COH-IP00525R,1924.76,1
GB-CHC-290397,360G-blf,9985.0,1
GB-CHC-290397,GB-CHC-230260,50000.0,1
GB-CHC-290397,GB-COH-IP00525R,7464.21,1
GB-CHC-294797,360G-blf,10000.0,1
GB-CHC-294797,GB-CHC-1035628,2600.0,1
GB-CHC-294797,GB-COH-IP00525R,4649.32,2
GB-CHC-294998,GB-CHC-230260,15000.0,1
GB-CHC-294998,GB-CHC-274100,10000.0,1
GB-CHC-294998,GB-COH-07991677,35000.0,1
GB-CHC-295324,360G-blf,10000.0,1
GB-CHC-295324,GB-CHC-1000147,10000.0,1
GB-CHC-295324,GB-CHC-1105580,66000.0,1
GB-CHC-295324,GB-CHC-327114,75000.0,1
GB-CHC-296454,GB-CHC-1143711,9994.0,1
GB-CHC-296454,GB-CHC-230260,120000.0,1
GB-CHC-296454,GB-COH-07991677,94830.0,2
GB-CHC-297091,360G-blf,9809.0,1
GB-CHC-297091,GB-CHC-1080418,8306.0,4
GB-CHC-297091,GB-COH-IP00525R,5590.34,1
GB-CHC-298740,360G-blf,9996.0,1
GB-CHC-298740,GB-CHC-1080418,9240.0,2
GB-CHC-298740,GB-CHC-200051,189106.0,1
GB-CHC-298740,GB-CHC-210037,60929.0,1
GB-CHC-300991,360G-blf,9192.0,1
GB-CHC-300991,GB-CHC-1057923,3536.0,1
GB-CHC-300991,GB-COH-IP00525R,1308.77,1
GB-CHC-301531,GB-CHC-1080418,2000.0,2
GB-CHC-301531,GB-CHC-230260,10000.0,1
GB-CHC-301531,GB-COH-IP00525R,1844.9,1
GB-CHC-301639,360G-blf,7200.0,1
GB-CHC-301639,GB-CHC-1080418,800.0,1
GB-CHC-301639,GB-COH-IP00525R,2771.96,1
GB-CHC-305951,GB-CHC-1057923,500.0,1
GB-CHC-305951,GB-CHC-1080418,200.0,1
GB-CHC-305951,GB-COH-IP00525R,1491.82,1
GB-CHC-306016,GB-CHC-1045304,1000.0,1
GB-CHC-306016,GB-CHC-1113226,1500.0,1
GB-CHC-306016,GB-COH-IP00525R,34504.47,18
GB-CHC-306101,GB-CHC-1052061,3000.0,1
GB-CHC-306101,GB-CHC-1080418,1290.0,1
GB-CHC-306101,GB-CHC-1151621,2000.0,1
GB-CHC-306101,GB-CHC-1166471,1000.0,1
GB-CHC-306101,GB-CHC-230260,1000.0,1
GB-CHC-306101,GB-COH-02273708,675.0,1
GB-CHC-306101,GB-COH-IP00525R,35977.630000000005,15
GB-CHC-313013,GB-CHC-226446,318867.0,5
GB-CHC-313013,GB-CHC-230260,30000.0,1
GB-CHC-313013,GB-COH-IP00525R,5150.969999999999,3
GB-CHC-313035,GB-CHC-1010656,5000.0,1
GB-CHC-313035,GB-CHC-230260,10000.0,1
GB-CHC-313035,GB-LAE-OXO,70000.0,1
GB-CHC-313697,360G-blf,5000.0,1
GB-CHC-313697,GB-CHC-1143711,11900.0,1
GB-CHC-313697,GB-CHC-230260,30000.0,1
GB-CHC-326227,360G-blf,5000.0,1
GB-CHC-326227,GB-CHC-200051,173971.0,1
GB-CHC-326227,GB-CHC-230260,25000.0,1
GB-CHC-326550,GB-CHC-1156300,88919.0,1
GB-CHC-326550,GB-CHC-1160316,38500.0,1
GB-CHC-326550,GB-COH-IP00525R,1494.16,1
GB-CHC-500640,360G-blf,499428.0,2
GB-CHC-500640,GB-CHC-1161290,50000.0,1
GB-CHC-500640,GB-COH-02273708,21000.0,6
GB-CHC-505180,360G-blf,10000.0,1
GB-CHC-505180,GB-CHC-1166471,1000.0,1
GB-CHC-505180,GB-CHC-230260,10000.0,1
GB-CHC-508450,360G-blf,9950.0,1
GB-CHC-508450,GB-CHC-274100,30000.0,1
GB-CHC-508450,GB-COH-IP00525R,2894.9,1
GB-CHC-510057,360G-blf,10000.0,1
GB-CHC-510057,GB-CHC-1143711,2000.0,2
GB-CHC-510057,GB-COH-IP00525R,630.84,1
GB-CHC-514733,360G-blf,9870.0,1
GB-CHC-514733,GB-CHC-274100,9000.0,1
GB-CHC-514733,GB-COH-02273708,250.0,1
GB-CHC-515689,360G-blf,8650.0,1
GB-CHC-515689,GB-CHC-230260,3000.0,1
GB-CHC-515689,GB-COH-IP00525R,2226.46,1
GB-CHC-517190,GB-CHC-1045304,1000.0,1
GB-CHC-517190,GB-CHC-230260,5000.0,1
GB-CHC-517190,GB-COH-IP00525R,4643.65,1
GB-CHC-517190,GB-LAE-BIR,22699.3,1
GB-CHC-521068,360G-blf,6581.0,1
GB-CHC-521068,GB-CHC-230260,1500.0,1
GB-CHC-521068,GB-COH-IP00525R,1182.16,1
GB-CHC-522079,360G-blf,10000.0,1
GB-CHC-522079,GB-COH-02273708,4100.0,2
GB-CHC-522079,GB-COH-RC000766,23950.0,1
GB-CHC-523135,360G-blf,9510.0,1
GB-CHC-523135,GB-COH-02273708,2000.0,2
GB-CHC-523135,GB-COH-IP00525R,2918.06,1
GB-CHC-523455,GB-CHC-1166471,5768.44,2
GB-CHC-523455,GB-CHC-230260,15000.0,1
GB-CHC-523455,GB-COH-IP00525R,3234.18,1
GB-CHC-700638,360G-blf,514125.0,1
GB-CHC-700638,GB-CHC-230260,10000.0,1
GB-CHC-700638,GB-COH-IP00525R,1810.47,1
GB-CHC-701982,GB-CHC-230260,20000.0,1
GB-CHC-701982,GB-CHC-327114,90000.0,1
GB-CHC-701982,GB-COH-IP00525R,2658.35,1
GB-CHC-702335,360G-blf,275710.0,1
GB-CHC-702335,GB-CHC-230102,72000.0,1
GB-CHC-702335,GB-CHC-230260,15000.0,1
GB-CHC-800222,GB-CHC-1111600,1000.0,1
GB-CHC-800222,GB-CHC-230260,10000.0,1
GB-CHC-800222,GB-COH-IP00525R,5052.41,1
GB-CHC-800329,GB-CHC-1045304,1000.0,1
GB-CHC-800329,GB-COH-02273708,5300.0,2
GB-CHC-800329,GB-COH-IP00525R,4936.33,3
GB-CHC-800862,GB-CHC-1035628,95000.0,1
GB-CHC-800862,GB-CHC-1105580,80000.0,1
GB-CHC-800862,GB-CHC-205629,70000.0,1
GB-CHC-801395,360G-blf,50269.0,6
GB-CHC-801395,GB-CHC-1151621,1995.0,1
GB-CHC-801395,GB-COH-IP00525R,10036.82,3
GB-CHC-802384,GB-CHC-1035628,120000.0,1
GB-CHC-802384,GB-CHC-274100,55000.0,1
GB-CHC-802384,GB-CHC-326568 ,89850.0,2
GB-CHC-802440,GB-CHC-1089893,4346.0,1
GB-CHC-802440,GB-CHC-1111600,3900.0,1
GB-CHC-802440,GB-CHC-230260,5000.0,1
GB-CHC-802623,GB-CHC-1010656,5000.0,1
GB-CHC-802623,GB-CHC-299963,2500.0,1
GB-CHC-802623,GB-CHC-328524,20000.0,1
GB-CHC-802872,360G-blf,496457.0,1
GB-CHC-802872,GB-CHC-1081124,30000.0,1
GB-CHC-802872,GB-CHC-1093028,20000.0,1
GB-COH-00638709,GB-CHC-1111600,1000.0,1
GB-COH-00638709,GB-CHC-1113226,20000.0,2
GB-COH-00638709,GB-CHC-1166471,528.77,1
GB-COH-05294486,360G-blf,10000.0,1
GB-COH-05294486,GB-CHC-1103731,45000.0,1
GB-COH-05294486,GB-COH-RC000766,7196.0,1
GB-COH-06369123,GB-CHC-1052061,5000.0,1
GB-COH-06369123,GB-CHC-1080418,800.0,1
GB-COH-06369123,GB-COH-04530979,2000.0,1
GB-COH-06596997,360G-blf,10000.0,1
GB-COH-06596997,GB-CHC-274100,9000.0,1
GB-COH-06596997,GB-COH-04831118,8000.0,1
GB-COH-06617608,360G-blf,10000.0,1
GB-COH-06617608,GB-CHC-1035628,125100.0,1
GB-COH-06617608,GB-CHC-1105580,75000.0,1
GB-COH-06617608,GB-CHC-205629,75000.0,1
GB-COH-07567921,360G-blf,9490.0,1
GB-COH-07567921,GB-CHC-1113226,5000.0,1
GB-COH-07567921,GB-COH-RC000766,9090.0,1
GB-COH-07599236,360G-blf,10000.0,1
GB-COH-07599236,GB-CHC-1080418,17160.0,2
GB-COH-07599236,GB-CHC-274100,14000.0,1
GB-COH-07866032,360G-blf,306059.0,1
GB-COH-07866032,GB-CHC-1045304,4944.0,1
GB-COH-07866032,GB-CHC-326568 ,74824.0,1
GB-COH-07866032,GB-COH-RC000766,140901.0,1
GB-COH-07973985,360G-blf,9519.0,1
GB-COH-07973985,GB-CHC-1052061,2384.0,1
GB-COH-07973985,GB-CHC-1111600,8110.0,1
GB-COH-09537026,GB-CHC-1144091,201000.0,1
GB-COH-09537026,GB-CHC-1151621,4500.0,1
GB-COH-09537026,GB-COH-RC000766,125000.0,1
GB-COH-SC504000,360G-blf,66000.0,1
GB-COH-SC504000,GB-CHC-1105580,40000.0,1
GB-COH-SC504000,GB-SC-SC002970,8000.0,1
GB-COH-SC515581,360G-blf,9425.0,1
GB-COH-SC515581,GB-CHC-1105580,45000.0,1
GB-COH-SC515581,GB-SC-SC002970,15000.0,1
GB-NIC-100508,GB-CHC-1093844,30000.0,1
GB-NIC-100508,GB-CHC-253481,5000.0,1
GB-NIC-100508,GB-COH-IP00525R,1567.61,1
GB-SC-SC002538,GB-CHC-230260,25000.0,1
GB-SC-SC002538,GB-SC-SC002970,60000.0,1
GB-SC-SC002538,GB-SC-SC012710,50000.0,1
GB-SC-SC003706,360G-blf,1200000.0,1
GB-SC-SC003706,GB-CHC-230260,40000.0,1
GB-SC-SC003706,GB-SC-SC002970,250000.0,1
GB-SC-SC003706,GB-SC-SC009481,121611.0,1
GB-SC-SC003945,GB-SC-SC002970,60000.0,1
GB-SC-SC003945,GB-SC-SC003558,500.0,1
GB-SC-SC003945,GB-SC-SC009481,3500.0,1
GB-SC-SC003945,GB-SC-SC012710,43500.0,1
GB-SC-SC004425,360G-blf,6183.0,1
GB-SC-SC004425,GB-SC-SC002970,29000.0,1
GB-SC-SC004425,GB-SC-SC009481,5000.0,1
GB-SC-SC006091,GB-CHC-230260,25000.0,1
GB-SC-SC006091,GB-COH-IP00525R,3442.89,1
GB-SC-SC006091,GB-SC-SC002970,100000.0,1
GB-SC-SC006403,GB-LAS-GLG,17200.0,1
GB-SC-SC006403,GB-SC-SC002970,16000.0,1
GB-SC-SC006403,GB-SC-SC003558,9970.21,1
GB-SC-SC006888,360G-blf,10000.0,1
GB-SC-SC006888,GB-COH-IP00525R,3332.65,1
GB-SC-SC006888,GB-SC-SC002970,30000.0,1
GB-SC-SC008382,360G-blf,148099.0,2
GB-SC-SC008382,GB-SC-SC002970,37500.0,1
GB-SC-SC008382,GB-SC-SC009481,5000.0,1
GB-SC-SC010985,360G-blf,8140.0,1
GB-SC-SC010985,GB-COH-IP00525R,1114.8,1
GB-SC-SC010985,GB-SC-SC002970,106500.0,1
GB-SC-SC010985,GB-SC-SC012710,36000.0,1
GB-SC-SC011541,GB-COH-IP00525R,7235.72,2
GB-SC-SC011541,GB-SC-SC002970,30000.0,1
GB-SC-SC011541,GB-SC-SC003558,1500.0,1
GB-SC-SC011889,360G-blf,132779.0,2
GB-SC-SC011889,GB-CHC-230260,15000.0,1
GB-SC-SC011889,GB-COH-IP00525R,3783.14,1
GB-SC-SC014288,GB-CHC-274100,25000.0,1
GB-SC-SC014288,GB-COH-IP00525R,992.7,1
GB-SC-SC014288,GB-SC-SC002970,45000.0,1
GB-SC-SC014288,GB-SC-SC009481,5000.0,1
GB-SC-SC014964,GB-CHC-1093844,30000.0,1
GB-SC-SC014964,GB-CHC-230260,7500.0,1
GB-SC-SC014964,GB-SC-SC009481,4000.0,1
GB-SC-SC015815,360G-blf,63178.0,1
GB-SC-SC015815,GB-CHC-226446,5000.0,1
GB-SC-SC015815,GB-CHC-230260,7500.0,1
GB-SC-SC015815,GB-COH-IP00525R,6017.88,1
GB-SC-SC015815,GB-SC-SC009481,5000.0,1
GB-SC-SC016092,360G-blf,10000.0,1
GB-SC-SC016092,GB-COH-IP00525R,3998.9,1
GB-SC-SC016092,GB-SC-SC009481,128993.0,1
GB-SC-SC016092,GB-SC-SC012710,40000.0,1
GB-SC-SC017483,GB-CHC-230260,10000.0,1
GB-SC-SC017483,GB-SC-SC002970,115000.0,1
GB-SC-SC017483,GB-SC-SC012710,30000.0,1
GB-SC-SC019637,GB-CHC-230102,60000.0,1
GB-SC-SC019637,GB-CHC-230260,10000.0,1
GB-SC-SC019637,GB-COH-IP00525R,2188.3,1
GB-SC-SC019637,GB-SC-SC002970,75000.0,1
GB-SC-SC020213,GB-CHC-230260,5000.0,1
GB-SC-SC020213,GB-COH-07991677,14395.0,1
GB-SC-SC020213,GB-SC-SC002970,3500.0,1
GB-SC-SC020329,360G-blf,10000.0,1
GB-SC-SC020329,GB-SC-SC002970,10000.0,1
GB-SC-SC020329,GB-SC-SC009481,4900.0,1
GB-SC-SC020526,GB-CHC-230260,10000.0,1
GB-SC-SC020526,GB-SC-SC003558,500.0,1
GB-SC-SC020526,GB-SC-SC009481,7000.0,1
GB-SC-SC021027,GB-CHC-274100,6000.0,1
GB-SC-SC021027,GB-SC-SC002970,27000.0,1
GB-SC-SC021027,GB-SC-SC003558,9878.0,1
GB-SC-SC022150,360G-blf,118800.0,1
GB-SC-SC022150,GB-SC-SC002970,30000.0,1
GB-SC-SC022150,GB-SC-SC009481,3500.0,1
GB-SC-SC022263,360G-blf,120140.0,1
GB-SC-SC022263,GB-COH-IP00525R,5025.05,1
GB-SC-SC022263,GB-SC-SC003558,1500.0,1
GB-SC-SC022263,GB-SC-SC009481,5000.0,1
GB-SC-SC023190,GB-CHC-1093844,25000.0,1
GB-SC-SC023190,GB-CHC-1119845,20000.0,1
GB-SC-SC023190,GB-CHC-230260,15000.0,1
GB-SC-SC023344,360G-blf,149627.0,1
GB-SC-SC023344,GB-COH-IP00525R,3160.35,2
GB-SC-SC023344,GB-SC-SC002970,57000.0,1
GB-SC-SC024228,GB-COH-IP00525R,4428.79,1
GB-SC-SC024228,GB-SC-SC002970,30000.0,1
GB-SC-SC024228,GB-SC-SC012710,20000.0,1
GB-SC-SC024328,360G-blf,9620.0,1
GB-SC-SC024328,GB-CHC-1000147,20000.0,1
GB-SC-SC024328,GB-SC-SC002970,7000.0,1
GB-SC-SC024686,360G-blf,234000.0,1
GB-SC-SC024686,GB-COH-IP00525R,3771.83,1
GB-SC-SC024686,GB-SC-SC002970,7500.0,1
GB-SC-SC024686,GB-SC-SC009481,5000.0,1
GB-SC-SC024761,360G-blf,4813.0,1
GB-SC-SC024761,GB-COH-IP00525R,2325.82,1
GB-SC-SC024761,GB-SC-SC009481,2570.0,1
GB-SC-SC024843,360G-blf,1215144.0,1
GB-SC-SC024843,GB-COH-IP00525R,2890.32,1
GB-SC-SC024843,GB-SC-SC003558,1500.0,1
GB-SC-SC025820,360G-blf,147852.0,1
GB-SC-SC025820,GB-CHC-1105580,42000.0,1
GB-SC-SC025820,GB-LAS-GLG,6000.0,1
GB-SC-SC027182,GB-CHC-230102,45000.0,1
GB-SC-SC027182,GB-COH-IP00525R,3423.21,1
GB-SC-SC027182,GB-SC-SC009481,5000.0,1
GB-SC-SC027544,GB-CHC-1105580,25000.0,1
GB-SC-SC027544,GB-CHC-230260,10000.0,1
GB-SC-SC027544,GB-SC-SC002970,72000.0,2
GB-SC-SC027577,GB-CHC-1000147,10000.0,1
GB-SC-SC027577,GB-SC-SC002970,26000.0,1
GB-SC-SC027577,GB-SC-SC009481,7000.0,1
GB-SC-SC027644,360G-blf,204660.0,1
GB-SC-SC027644,GB-CHC-230260,15000.0,1
GB-SC-SC027644,GB-SC-SC002970,67500.0,1
GB-SC-SC027644,GB-SC-SC009481,5000.0,1
GB-SC-SC027915,360G-blf,146872.0,2
GB-SC-SC027915,GB-COH-IP00525R,3772.45,1
GB-SC-SC027915,GB-SC-SC009481,5000.0,1
GB-SC-SC028660,GB-COH-IP00525R,2420.22,1
GB-SC-SC028660,GB-SC-SC009481,6000.0,1
GB-SC-SC028660,GB-SC-SC012710,3000.0,1
GB-SC-SC028820,360G-blf,135262.0,1
GB-SC-SC028820,GB-COH-IP00525R,1532.32,1
GB-SC-SC028820,GB-SC-SC003558,9888.0,1
GB-SC-SC028820,GB-SC-SC009481,4800.0,1
GB-SC-SC029395,GB-CHC-274100,20000.0,1
GB-SC-SC029395,GB-COH-IP00525R,2308.99,2
GB-SC-SC029395,GB-SC-SC002970,44000.0,1
GB-SC-SC029395,GB-SC-SC009481,6000.0,1
GB-SC-SC029770,GB-CHC-230260,5000.0,1
GB-SC-SC029770,GB-COH-IP00525R,2545.05,1
GB-SC-SC029770,GB-SC-SC009481,5269.0,1
GB-SC-SC029979,GB-COH-IP00525R,3084.6,1
GB-SC-SC029979,GB-SC-SC002970,30000.0,1
GB-SC-SC029979,GB-SC-SC009481,7000.0,1
GB-SC-SC030113,360G-blf,9116.0,1
GB-SC-SC030113,GB-SC-SC002970,37500.0,1
GB-SC-SC030113,GB-SC-SC012710,20000.0,1
GB-SC-SC030685,360G-blf,150000.0,1
GB-SC-SC030685,GB-COH-IP00525R,5771.02,2
GB-SC-SC030685,GB-SC-SC002970,45000.0,1
GB-SC-SC030685,GB-SC-SC009481,5000.0,1
GB-SC-SC031600,360G-blf,80000.0,1
GB-SC-SC031600,GB-SC-SC002970,90000.0,2
GB-SC-SC031600,GB-SC-SC009481,6000.0,1
GB-SC-SC031798,360G-blf,8984.0,1
GB-SC-SC031798,GB-SC-SC002970,37500.0,1
GB-SC-SC031798,GB-SC-SC009481,7000.0,1
GB-SC-SC032130,360G-blf,299889.0,1
GB-SC-SC032130,GB-CHC-230260,10000.0,1
GB-SC-SC032130,GB-COH-IP00525R,3425.06,2
GB-SC-SC032236,360G-blf,10000.0,1
GB-SC-SC032236,GB-COH-IP00525R,7028.06,1
GB-SC-SC032236,GB-SC-SC002970,30000.0,1
GB-SC-SC032236,GB-SC-SC009481,4000.0,1
GB-SC-SC032278,GB-CHC-226446,10000.0,1
GB-SC-SC032278,GB-COH-IP00525R,4394.51,2
GB-SC-SC032278,GB-SC-SC009481,5000.0,1
GB-SC-SC033454,360G-blf,85181.0,1
GB-SC-SC033454,GB-CHC-230102,24300.0,1
GB-SC-SC033454,GB-SC-SC003558,9920.0,1
GB-SC-SC033560,GB-SC-SC002970,49500.0,1
GB-SC-SC033560,GB-SC-SC009481,4000.0,1
GB-SC-SC033560,GB-SC-SC012710,45000.0,1
GB-SC-SC033632,GB-CHC-230260,45000.0,1
GB-SC-SC033632,GB-COH-IP00525R,3352.58,2
GB-SC-SC033632,GB-SC-SC002970,60000.0,1
GB-SC-SC033632,GB-SC-SC009481,4250.0,1
GB-SC-SC033781,360G-blf,5900.0,1
GB-SC-SC033781,GB-CHC-1105580,50000.0,1
GB-SC-SC033781,GB-CHC-200051,50000.0,1
GB-SC-SC035317,GB-COH-IP00525R,1935.76,1
GB-SC-SC035317,GB-SC-SC003558,10000.0,1
GB-SC-SC035317,GB-SC-SC009481,4520.0,1
GB-SC-SC036135,360G-blf,9987.0,1
GB-SC-SC036135,GB-COH-IP00525R,1915.39,1
GB-SC-SC036135,GB-SC-SC009481,3500.0,1
GB-SC-SC037844,360G-blf,9950.0,1
GB-SC-SC037844,GB-LAS-GLG,38000.0,2
GB-SC-SC037844,GB-SC-SC003558,7650.0,1
GB-SC-SC038504,360G-blf,10000.0,1
GB-SC-SC038504,GB-CHC-230260,15000.0,1
GB-SC-SC038504,GB-SC-SC002970,30000.0,1
GB-SC-SC038870,GB-COH-IP00525R,603.85,1
GB-SC-SC038870,GB-SC-SC002970,20000.0,1
GB-SC-SC038870,GB-SC-SC009481,4000.0,1
GB-SC-SC039319,360G-blf,9980.0,1
GB-SC-SC039319,GB-SC-SC002970,9000.0,1
GB-SC-SC039319,GB-SC-SC009481,2200.0,1
GB-SC-SC040182,GB-CHC-230260,5000.0,1
GB-SC-SC040182,GB-COH-IP00525R,8690.12,1
GB-SC-SC040182,GB-SC-SC002970,39000.0,1
GB-SC-SC041781,360G-blf,10000.0,1
GB-SC-SC041781,GB-SC-SC002970,45000.0,1
GB-SC-SC041781,GB-SC-SC003558,10000.0,1
GB-SC-SC042012,360G-blf,155954.0,2
GB-SC-SC042012,GB-CHC-1105580,50000.0,1
GB-SC-SC042012,GB-SC-SC002970,51000.0,1
GB-SC-SC042272,GB-CHC-230260,10000.0,1
GB-SC-SC042272,GB-COH-IP00525R,3562.85,1
GB-SC-SC042272,GB-SC-SC002970,27000.0,1
GB-SC-SC042272,GB-SC-SC009481,5000.0,1
GB-SC-SC042875,GB-COH-IP00525R,4262.2699999999995,2
GB-SC-SC042875,GB-SC-SC009481,4000.0,1
GB-SC-SC042875,GB-SC-SC012710,45000.0,1
GB-SC-SC043154,360G-blf,149763.0,1
GB-SC-SC043154,GB-CHC-1105580,70000.0,1
GB-SC-SC043154,GB-COH-IP00525R,2414.39,1
GB-SC-SC043154,GB-SC-SC002970,52500.0,1
GB-SC-SC043156,360G-blf,6000.0,1
GB-SC-SC043156,GB-CHC-1105580,45000.0,1
GB-SC-SC043156,GB-SC-SC002970,30000.0,1
GB-SC-SC043156,GB-SC-SC009481,5000.0,1
GB-SC-SC043220,GB-COH-IP00525R,1405.9,2
GB-SC-SC043220,GB-SC-SC002970,4500.0,1
GB-SC-SC043220,GB-SC-SC003558,9956.0,1
GB-SC-SC043269,360G-blf,153280.0,2
GB-SC-SC043269,GB-COH-IP00525R,1742.1,1
GB-SC-SC043269,GB-SC-SC002970,29000.0,1
GB-SC-SC043573,360G-blf,149570.0,1
GB-SC-SC043573,GB-CHC-230260,15000.0,1
GB-SC-SC043573,GB-COH-IP00525R,1965.97,1
GB-SC-SC043604,360G-blf,150000.0,1
GB-SC-SC043604,GB-COH-IP00525R,1834.19,1
GB-SC-SC043604,GB-SC-SC003558,10000.0,1
GB-SC-SC043960,360G-blf,8386.0,1
GB-SC-SC043960,GB-CHC-1105580,60000.0,1
GB-SC-SC043960,GB-CHC-230260,15000.0,1
GB-SC-SC044042,GB-CHC-230260,5000.0,1
GB-SC-SC044042,GB-CHC-274100,10000.0,1
GB-SC-SC044042,GB-SC-SC012710,6000.0,1
GB-SC-SC044859,GB-COH-IP00525R,3752.5699999999997,2
GB-SC-SC044859,GB-SC-SC002970,20000.0,1
GB-SC-SC044859,GB-SC-SC009481,7000.0,1
GB-SC-SC044968,360G-blf,90000.0,1
GB-SC-SC044968,GB-SC-SC002970,8000.0,1
GB-SC-SC044968,GB-SC-SC009481,4500.0,1
GB-SC-SC046501,360G-blf,8335.0,1
GB-SC-SC046501,GB-CHC-274100,10000.0,1
GB-SC-SC046501,GB-SC-SC002970,45000.0,1
